dyld[11615]: <85461E2C-D6B6-3AC5-9608-61A83EDA34B9> /Users/howardduffy/.lmstudio/scratchpads/z8/testhost/PorteosIntelligence.app/Contents/MacOS/PorteosIntelligence
dyld[11615]: <91DACE39-FA28-3191-818D-1FCC6A0E615A> /System/Library/Frameworks/Foundation.framework/Versions/C/Foundation
dyld[11615]: <03BD9E32-CF0A-37B0-898A-3CE8DE06D842> /usr/lib/libobjc.A.dylib
dyld[11615]: <9B672762-7B1F-30BC-96DE-F176B372D66D> /System/Library/Frameworks/CoreFoundation.framework/Versions/A/CoreFoundation
dyld[11615]: <1479C415-3678-3968-AC77-06373490860E> /System/Library/Frameworks/SystemConfiguration.framework/Versions/A/SystemConfiguration
dyld[11615]: <13EDE3A5-A7D9-3FB8-B0C2-2FB7F7272B34> /usr/lib/libz.1.dylib
dyld[11615]: <54AD73AF-852E-3CD6-8B7D-E73BE79857D3> /System/Library/PrivateFrameworks/CoreAutoLayout.framework/Versions/A/CoreAutoLayout
dyld[11615]: <1A2A9A41-5269-3B0C-BCEE-B446966CE366> /usr/lib/libcmark-gfm.dylib
dyld[11615]: <820D290D-51A0-3064-A1F2-4F0AAF7E6BF4> /usr/lib/libfakelink.dylib
dyld[11615]: <BAEEB84F-03FE-3B78-8799-316258DF893E> /usr/lib/libcompression.dylib
dyld[11615]: <4A3B95C5-AA2E-338C-9398-56895AF82D97> /System/Library/Frameworks/CFNetwork.framework/Versions/A/CFNetwork
dyld[11615]: <332C4B80-5B3C-34E7-AD1F-F6131E607F95> /System/Library/Frameworks/DiskArbitration.framework/Versions/A/DiskArbitration
dyld[11615]: <0048DB96-1737-3FC5-AF0C-AF784FA24A03> /usr/lib/libarchive.2.dylib
dyld[11615]: <6CD959AA-4825-306A-864A-BD69EC5F2DC0> /usr/lib/libDiagnosticMessagesClient.dylib
dyld[11615]: <53A3E31E-06A8-325E-B5A8-316B88AA3C92> /usr/lib/libicucore.A.dylib
dyld[11615]: <1E8A4F9E-3954-3458-B3BB-BE97F961C105> /usr/lib/libxml2.2.dylib
dyld[11615]: <56AE2857-29E0-34E9-B2C3-EE8E951EEFC5> /System/Library/Frameworks/CoreServices.framework/Versions/A/CoreServices
dyld[11615]: <D201B12C-5258-3C03-89ED-B35FBFAEFA0C> /usr/lib/liblangid.dylib
dyld[11615]: <12372585-DF92-33EF-B632-714FAA13260A> /System/Library/Frameworks/IOKit.framework/Versions/A/IOKit
dyld[11615]: <4FED5EE2-5D3E-35B1-A170-9859C4B683BB> /usr/lib/libSystem.B.dylib
dyld[11615]: <F088ACC1-374F-3E9D-86DA-29310F8431B1> /System/Library/Frameworks/Combine.framework/Versions/A/Combine
dyld[11615]: <6098453F-4D7E-38B4-8ADC-02C9FF51E14A> /System/Library/PrivateFrameworks/CollectionsInternal.framework/Versions/A/CollectionsInternal
dyld[11615]: <9A1279D4-575A-3E48-A460-A631A3F82D18> /System/Library/PrivateFrameworks/ReflectionInternal.framework/Versions/A/ReflectionInternal
dyld[11615]: <6D89CD71-A86D-3D78-A64B-96AB79550F79> /System/Library/PrivateFrameworks/RuntimeInternal.framework/Versions/A/RuntimeInternal
dyld[11615]: <4109E8DD-0A81-310C-B1B3-23B87186D0D8> /System/Library/PrivateFrameworks/SoftLinking.framework/Versions/A/SoftLinking
dyld[11615]: <83794FB3-DE9B-3D23-AB5E-2C1D5D30F134> /usr/lib/swift/libswiftCore.dylib
dyld[11615]: <4975D13C-2AC5-3473-85C0-98054A81D7C6> /usr/lib/swift/libswiftCoreFoundation.dylib
dyld[11615]: <1DB56DA9-CF6B-3023-ABDF-5A37CB79223C> /usr/lib/swift/libswiftDarwin.dylib
dyld[11615]: <F0B9A36E-CE82-3B73-B644-E9C05DF0AF71> /usr/lib/swift/libswiftDispatch.dylib
dyld[11615]: <06A92787-4440-3757-AF32-F2B331C753A2> /usr/lib/swift/libswiftIOKit.dylib
dyld[11615]: <4FD234EA-2C18-3C25-8BD0-B1F4805C6675> /usr/lib/swift/libswiftObjectiveC.dylib
dyld[11615]: <7CD9BDE7-F36B-3471-9295-38E181D6D9E5> /usr/lib/swift/libswiftSystem.dylib
dyld[11615]: <24AEDAC1-C1EE-30F4-8818-72EBF8969D0C> /usr/lib/swift/libswiftXPC.dylib
dyld[11615]: <52F59382-A6A6-3F55-8A85-D9FB822D370F> /usr/lib/swift/libswift_Builtin_float.dylib
dyld[11615]: <8E168857-47F4-349F-A718-A18DB144FCB0> /usr/lib/swift/libswift_Concurrency.dylib
dyld[11615]: <85246B9A-A757-3F67-B792-3A2F7BB2BB25> /usr/lib/swift/libswift_DarwinFoundation1.dylib
dyld[11615]: <8DF0116D-DFC9-3906-9DF6-F1DBC47E324B> /usr/lib/swift/libswift_StringProcessing.dylib
dyld[11615]: <C7A04322-C1B4-39A6-9E88-1C8CEDB97264> /usr/lib/swift/libswiftos.dylib
dyld[11615]: <F38A9C58-22AB-3798-BBAE-8DCD9CC0CE27> /usr/lib/libc++abi.dylib
dyld[11615]: <0C7397C6-D747-31F2-8BC1-4096213BDE5C> /usr/lib/libRosetta.dylib
dyld[11615]: <F0FD393C-15BC-3C75-A19D-897F7B225C78> /usr/lib/libc++.1.dylib
dyld[11615]: <9E3C7597-446F-3C50-9930-2425D9252C0C> /usr/lib/libswiftPrespecialized.dylib
dyld[11615]: <9CD7B1E1-3E47-339C-A193-2392E3E0ED23> /usr/lib/system/libcache.dylib
dyld[11615]: <3B110564-5278-3CB0-85F1-2CE8431FF935> /usr/lib/system/libcommonCrypto.dylib
dyld[11615]: <6FB345CA-7F5C-3263-A23F-143F7539FD8A> /usr/lib/system/libcompiler_rt.dylib
dyld[11615]: <D0009B8A-8ECC-3D56-9206-7E1839707F93> /usr/lib/system/libcopyfile.dylib
dyld[11615]: <0642DDAD-4771-3C82-805C-E7C6701C1461> /usr/lib/system/libcorecrypto.dylib
dyld[11615]: <B2000CD5-F580-314A-A141-E036719D854E> /usr/lib/system/libdispatch.dylib
dyld[11615]: <957F93B3-8805-39C7-9C51-EDD1715F550E> /usr/lib/system/libdyld.dylib
dyld[11615]: <7E863FCA-F3FF-32C7-8A8C-F983E946AFC3> /usr/lib/system/libkeymgr.dylib
dyld[11615]: <949131E5-BDA2-39BA-AA50-62651BB51802> /usr/lib/system/libmacho.dylib
dyld[11615]: <EEE5AADB-52E1-3C4C-881A-70405770B1F1> /usr/lib/system/libquarantine.dylib
dyld[11615]: <7460B5AE-469A-36A0-A7EC-6C7D69628E86> /usr/lib/system/libremovefile.dylib
dyld[11615]: <54439739-33EE-3273-839F-CBA67D7F5CB1> /usr/lib/system/libsystem_asl.dylib
dyld[11615]: <E0AC1231-27AA-3A13-8FAC-41D5802B1F3C> /usr/lib/system/libsystem_blocks.dylib
dyld[11615]: <D77CEB62-AFF6-3CEC-BA9B-4F057FBE2EB5> /usr/lib/system/libsystem_c.dylib
dyld[11615]: <C8160BD2-5941-3DC0-BB40-F8C2B8156EC4> /usr/lib/system/libsystem_collections.dylib
dyld[11615]: <D8D6280B-783D-3550-BDBA-2861AE40604F> /usr/lib/system/libsystem_configuration.dylib
dyld[11615]: <14B2A47F-19C8-392F-8FDB-FE8AE375DD41> /usr/lib/system/libsystem_containermanager.dylib
dyld[11615]: <D4ACD2AC-5702-3C45-85A0-300B2C2D19E1> /usr/lib/system/libsystem_coreservices.dylib
dyld[11615]: <8E07D22E-CE5A-38A0-B091-5B0338C326F5> /usr/lib/system/libsystem_darwin.dylib
dyld[11615]: <971A4F65-493D-39F3-846D-0D33FA2769FD> /usr/lib/system/libsystem_darwindirectory.dylib
dyld[11615]: <305F4398-E688-3384-B351-02D865EC8A04> /usr/lib/system/libsystem_dnssd.dylib
dyld[11615]: <750CA446-92EA-3A56-9A7B-CC0841686C50> /usr/lib/system/libsystem_eligibility.dylib
dyld[11615]: <FEE12F9C-344B-33B3-8EDD-283580EF1C67> /usr/lib/system/libsystem_featureflags.dylib
dyld[11615]: <9B5FB84B-31AD-3EA7-8F89-8C700D369DC8> /usr/lib/system/libsystem_info.dylib
dyld[11615]: <B54FBE99-DB0B-32C7-ABDD-C2206DF606A4> /usr/lib/system/libsystem_m.dylib
dyld[11615]: <D969A907-3E43-3951-9365-8C2DB3812E9D> /usr/lib/system/libsystem_malloc.dylib
dyld[11615]: <9C7B1EEB-47BE-3791-93A9-CFC693CB9417> /usr/lib/system/libsystem_networkextension.dylib
dyld[11615]: <15799128-6CBD-30D6-A2BB-B9D02B4470C0> /usr/lib/system/libsystem_notify.dylib
dyld[11615]: <54688162-B50D-3D31-A1E8-7B9766D3530D> /usr/lib/system/libsystem_sandbox.dylib
dyld[11615]: <D88EC709-9AA8-3083-B22B-D3CB39678D71> /usr/lib/system/libsystem_sanitizers.dylib
dyld[11615]: <ECABC024-8F02-374A-BB7E-29437CEA2ABD> /usr/lib/system/libsystem_secinit.dylib
dyld[11615]: <C6A4A4CB-92E6-3BAF-AAE0-E8306259209A> /usr/lib/system/libsystem_kernel.dylib
dyld[11615]: <EDB83A19-EC17-32DE-9350-6145970A85D6> /usr/lib/system/libsystem_platform.dylib
dyld[11615]: <A373F0B0-9880-326A-88B4-DD8BE4E33072> /usr/lib/system/libsystem_pthread.dylib
dyld[11615]: <229122B9-B8B1-3F2F-870E-8650AE3C4FB5> /usr/lib/system/libsystem_symptoms.dylib
dyld[11615]: <93F1DD8C-6CD9-32B9-B222-D23DA5D161B4> /usr/lib/system/libsystem_trace.dylib
dyld[11615]: <7194FF5B-A6C5-3D67-B00A-90209F10D603> /usr/lib/system/libsystem_trial.dylib
dyld[11615]: <05FD0014-55B1-3B8A-A6BA-6C7A389C4123> /usr/lib/system/libunwind.dylib
dyld[11615]: <33E44C2D-D65E-37A6-B85F-1A4CF524A050> /usr/lib/system/libxpc.dylib
dyld[11615]: <E2A87413-D325-3FCE-A57E-5745570A0EF2> /System/Library/PrivateFrameworks/XPCSupport.framework/Versions/A/XPCSupport
dyld[11615]: <9D0387FC-E8F6-3004-9C95-CA68EA715C8B> /System/Library/Frameworks/Security.framework/Versions/A/Security
dyld[11615]: <A2F5EE78-A281-35AF-8EA6-5BC6567F2ECC> /System/Library/PrivateFrameworks/BackgroundTaskManagement.framework/Versions/A/BackgroundTaskManagement
dyld[11615]: <7D56DA94-31EB-35F0-B886-4010C075E035> /System/Library/PrivateFrameworks/CoreServicesInternal.framework/Versions/A/CoreServicesInternal
dyld[11615]: <0C7397C6-D747-31F2-8BC1-4096213BDE5C> /usr/lib/liboah.dylib
dyld[11615]: <A24BD91A-8190-352C-B5A2-D442DB5D6459> /System/Library/PrivateFrameworks/GenerationalStorage.framework/Versions/A/GenerationalStorage
dyld[11615]: <F5519EDD-F080-3571-918D-A77115712256> /System/Library/PrivateFrameworks/CacheDelete.framework/Versions/A/CacheDelete
dyld[11615]: <36F215D1-A2C0-32CA-ADD8-6D85AB48A772> /System/Library/Frameworks/QuickLookThumbnailing.framework/Versions/A/QuickLookThumbnailing
dyld[11615]: <5EA68C5E-69B0-3011-9D66-AEF49D82B29D> /System/Library/Frameworks/FileProvider.framework/Versions/A/FileProvider
dyld[11615]: <E318744C-06A0-39A4-A55B-1245016B42CE> /System/Library/PrivateFrameworks/DiskImages.framework/Versions/A/DiskImages
dyld[11615]: <49121861-2603-3B0A-B664-BAD9E729BE5D> /System/Library/Frameworks/NetFS.framework/Versions/A/NetFS
dyld[11615]: <C5AF8E88-9770-3B2B-9F79-AA5B1082A2DB> /System/Library/PrivateFrameworks/DesktopServicesPriv.framework/Versions/A/DesktopServicesPriv
dyld[11615]: <F1A7246D-30C0-345F-8138-266094EC8315> /System/Library/Frameworks/CoreServices.framework/Versions/A/Frameworks/FSEvents.framework/Versions/A/FSEvents
dyld[11615]: <D884AF5B-23F7-313A-97ED-DD54518BA922> /System/Library/Frameworks/CoreServices.framework/Versions/A/Frameworks/CarbonCore.framework/Versions/A/CarbonCore
dyld[11615]: <DEFC137A-C15D-35CB-AF08-E4D06B6CF8B9> /System/Library/Frameworks/CoreServices.framework/Versions/A/Frameworks/Metadata.framework/Versions/A/Metadata
dyld[11615]: <61677289-93B7-382F-86CA-B856361D293F> /System/Library/Frameworks/CoreServices.framework/Versions/A/Frameworks/OSServices.framework/Versions/A/OSServices
dyld[11615]: <B352D2B5-7115-3FF6-8805-7B49151BF5A2> /System/Library/Frameworks/CoreServices.framework/Versions/A/Frameworks/SearchKit.framework/Versions/A/SearchKit
dyld[11615]: <435D6243-695B-3543-A722-10106F5696BD> /System/Library/Frameworks/CoreServices.framework/Versions/A/Frameworks/AE.framework/Versions/A/AE
dyld[11615]: <01579E0C-9D85-3521-8916-4DDC990CD064> /System/Library/Frameworks/CoreServices.framework/Versions/A/Frameworks/LaunchServices.framework/Versions/A/LaunchServices
dyld[11615]: <6A26D479-5926-330B-9FB8-9B7A6BE8E239> /System/Library/Frameworks/CoreServices.framework/Versions/A/Frameworks/DictionaryServices.framework/Versions/A/DictionaryServices
dyld[11615]: <297AC970-E432-3BBD-986C-36782634062E> /System/Library/Frameworks/CoreServices.framework/Versions/A/Frameworks/SharedFileList.framework/Versions/A/SharedFileList
dyld[11615]: <C3B4633A-F17D-3054-95C0-5A21B916A1B3> /usr/lib/libapple_nghttp2.dylib
dyld[11615]: <B67E4205-32B5-3FF3-9FB5-9186C0B32A90> /usr/lib/libsqlite3.dylib
dyld[11615]: <5F6B668E-00B2-3BEC-959F-26BD6B50D42B> /System/Library/Frameworks/Accounts.framework/Versions/A/Accounts
dyld[11615]: <44CD8313-2D5B-3A34-BACA-EF8800803B4A> /System/Library/PrivateFrameworks/AOSKit.framework/Versions/A/AOSKit
dyld[11615]: <5198BFE1-41D2-33D5-A9E0-C63F81A512D3> /System/Library/PrivateFrameworks/AppSSOCore.framework/Versions/A/AppSSOCore
dyld[11615]: <61B2B917-D14A-38AD-A439-16E1C635441A> /System/Library/PrivateFrameworks/AppSupport.framework/Versions/A/AppSupport
dyld[11615]: <816EC446-7C41-3A2F-A582-7CB856797C09> /System/Library/Frameworks/AVFoundation.framework/Versions/A/AVFoundation
dyld[11615]: <10A4E63B-A1EB-31CC-B3E1-DB4FE115FC84> /System/Library/PrivateFrameworks/BackgroundSystemTasks.framework/Versions/A/BackgroundSystemTasks
dyld[11615]: <FAE24228-7E19-3F30-9872-3B25749ADAF8> /System/Library/PrivateFrameworks/CoreAnalytics.framework/Versions/A/CoreAnalytics
dyld[11615]: <38C8FBEC-DE88-33FE-B742-A192F22CC754> /System/Library/Frameworks/CoreGraphics.framework/Versions/A/CoreGraphics
dyld[11615]: <D3291D8F-5606-3593-ABA7-00CE39429D6B> /System/Library/PrivateFrameworks/DuetActivityScheduler.framework/Versions/A/DuetActivityScheduler
dyld[11615]: <0E78989C-854F-3664-AD92-6B7B6D04191C> /System/Library/PrivateFrameworks/FTServices.framework/Versions/A/FTServices
dyld[11615]: <277D18EF-39E4-3F72-99E8-8D3DF65ED1D0> /System/Library/Frameworks/GSS.framework/Versions/A/GSS
dyld[11615]: <5ACC6C0E-51E9-3B5A-B24F-89B22D070878> /System/Library/PrivateFrameworks/InternationalSupport.framework/Versions/A/InternationalSupport
dyld[11615]: <AAD0A926-EC29-3A5E-AAEA-5B603C455EC3> /usr/lib/libMemoryResourceException.dylib
dyld[11615]: <798012E0-3FFC-3B8D-AC74-E7B7DAEA7E66> /System/Library/PrivateFrameworks/NetworkScore.framework/Versions/A/NetworkScore
dyld[11615]: <2C93123F-99C8-3B8D-AAE6-3A817BE0A2BF> /System/Library/PrivateFrameworks/NetworkServiceProxy.framework/Versions/A/NetworkServiceProxy
dyld[11615]: <F7CC7754-0B25-302A-BFD4-5D16E9F666AD> /System/Library/PrivateFrameworks/RunningBoardServices.framework/Versions/A/RunningBoardServices
dyld[11615]: <FD3A5484-162B-3573-A1A0-E55318B78676> /System/Library/PrivateFrameworks/StreamingExtractor.framework/Versions/A/StreamingExtractor
dyld[11615]: <1F2EDC7B-8F28-3721-8A60-F6E1BCFC29A3> /System/Library/PrivateFrameworks/StreamingZip.framework/Versions/A/StreamingZip
dyld[11615]: <5DA62AF9-3D46-3D17-A3EB-7026A2F006DF> /System/Library/PrivateFrameworks/SymptomReporter.framework/Versions/A/SymptomReporter
dyld[11615]: <8E04C57D-3651-386E-83D5-4728B732F214> /usr/lib/libenergytrace.dylib
dyld[11615]: <A4A0036B-6614-36AA-9751-F7519237C5B7> /usr/lib/libnetworkextension.dylib
dyld[11615]: <1C7E652B-6B94-3180-93A6-EF8DBA3A5448> /System/Library/Frameworks/Network.framework/Versions/A/Network
dyld[11615]: <633BCB5F-F063-3D5A-B52A-F72AE236824B> /usr/lib/libbsm.0.dylib
dyld[11615]: <A3E386E1-042A-33E3-9121-78457115AAD9> /usr/lib/system/libkxld.dylib
dyld[11615]: <E444621A-C72D-36A2-AA52-9E9FAFA7B42D> /System/Library/PrivateFrameworks/AppleKeyStore.framework/Versions/A/AppleKeyStore
dyld[11615]: <A0DF7E4F-890F-320B-90BF-60CBAC3AFF8B> /usr/lib/libCoreEntitlements.dylib
dyld[11615]: <A287A9A4-5DFD-331D-93A8-696DBE94592C> /System/Library/PrivateFrameworks/MessageSecurity.framework/Versions/A/MessageSecurity
dyld[11615]: <C73EE6D7-FE28-30E3-BA6A-012DC32FA22F> /System/Library/PrivateFrameworks/ProtocolBuffer.framework/Versions/A/ProtocolBuffer
dyld[11615]: <81F4A8BA-C80F-3B53-82E7-57F6928609C5> /System/Library/PrivateFrameworks/CloudServices.framework/Versions/A/CloudServices
dyld[11615]: <737479F2-7B20-3DB6-B9F4-0DAA1B73E9D0> /System/Library/PrivateFrameworks/SymptomDiagnosticReporter.framework/Versions/A/SymptomDiagnosticReporter
dyld[11615]: <F963C33F-6026-336E-AE74-2ABA6F2322EF> /System/Library/PrivateFrameworks/CrashReporterSupport.framework/Versions/A/CrashReporterSupport
dyld[11615]: <D614ADAF-EEDD-3492-AEEB-7D03558D419C> /usr/lib/libMobileGestalt.dylib
dyld[11615]: <DA611209-7AA6-37C4-B4EC-7B7A7020A607> /System/Library/PrivateFrameworks/AppleFSCompression.framework/Versions/A/AppleFSCompression
dyld[11615]: <0EAB1F4A-9275-3FED-8EA6-E962ACDDEE5D> /usr/lib/libcoretls.dylib
dyld[11615]: <6937D729-7EF4-3972-9E12-694C17C1C1AB> /usr/lib/libcoretls_cfhelpers.dylib
dyld[11615]: <7E84FD3B-E90E-317E-AC19-17B70AC809E5> /usr/lib/libpam.2.dylib
dyld[11615]: <B48CA8E1-C7EF-38BF-B8C0-91355EE685DC> /usr/lib/libxar.1.dylib
dyld[11615]: <E7595D59-4FA7-3A8E-9E9A-D1B22225B571> /System/Library/PrivateFrameworks/APFS.framework/Versions/A/APFS
dyld[11615]: <EDCDD822-AA64-3EB9-B0C3-9CEF1A4E0B36> /System/Library/PrivateFrameworks/SwiftASN1Internal.framework/Versions/A/SwiftASN1Internal
dyld[11615]: <D4EB86A9-2784-3D15-A72E-29832C211348> /usr/lib/libutil.dylib
dyld[11615]: <4C6139EE-BF87-37A6-B226-830A6FDC36F8> /System/Library/PrivateFrameworks/AppleSystemInfo.framework/Versions/A/AppleSystemInfo
dyld[11615]: <2BC48182-F354-3AB0-8F18-0C60CAAFE398> /System/Library/PrivateFrameworks/IOMobileFramebuffer.framework/Versions/A/IOMobileFramebuffer
dyld[11615]: <5556FD64-9D47-3547-961E-3A27681F3C51> /System/Library/Frameworks/IOSurface.framework/Versions/A/IOSurface
dyld[11615]: <7C50137B-2ABD-3819-B033-AE65B05A6085> /System/Library/PrivateFrameworks/CoreWiFi.framework/Versions/A/CoreWiFi
dyld[11615]: <DAB7DFDC-BE61-3164-B741-A753F6CD2E7E> /System/Library/PrivateFrameworks/LoggingSupport.framework/Versions/A/LoggingSupport
dyld[11615]: <91A461DE-C8E8-3868-B393-BA6E5A17DF2A> /System/Library/PrivateFrameworks/MobileAsset.framework/Versions/A/MobileAsset
dyld[11615]: <E86905A9-1519-3027-9182-C85F9EC8A6C0> /System/Library/PrivateFrameworks/PowerLog.framework/Versions/A/PowerLog
dyld[11615]: <F6E572E4-F0AB-3F91-A003-E75A612F3F3D> /System/Library/PrivateFrameworks/Rapport.framework/Versions/A/Rapport
dyld[11615]: <9F52706C-75BD-34AF-A29E-C26608124ACC> /System/Library/Frameworks/SwiftData.framework/Versions/A/SwiftData
dyld[11615]: <259877CE-4E2C-34A9-A07F-FEE2999D7B2F> /System/Library/PrivateFrameworks/Symptoms.framework/Versions/A/Frameworks/SymptomAnalytics.framework/Versions/A/SymptomAnalytics
dyld[11615]: <B57F62F5-1581-3CE6-8782-6072B970FDF2> /System/Library/Frameworks/UniformTypeIdentifiers.framework/Versions/A/UniformTypeIdentifiers
dyld[11615]: <4A78C569-FF0D-398B-9C25-33453F0CEC40> /System/Library/PrivateFrameworks/UserManagement.framework/Versions/A/UserManagement
dyld[11615]: <5BF55637-F306-3D79-B5A1-DB8A871DAD4B> /usr/lib/libboringssl.dylib
dyld[11615]: <831C79C1-8DBE-31A3-AA4E-8E2B041488D6> /usr/lib/libcupolicy.dylib
dyld[11615]: <88925A0C-4960-3F6D-AF3A-B1983F7B3D18> /usr/lib/libdns_services.dylib
dyld[11615]: <9753F471-40DD-3B9E-9D64-8D07C1B06BC9> /System/Library/Frameworks/NetworkExtension.framework/Versions/A/NetworkExtension
dyld[11615]: <AA138671-8F21-30AE-808F-EBCF938B6013> /usr/lib/libnwswifttls.dylib
dyld[11615]: <6F59933A-6618-33F1-BE52-E7FC3BF7A1EF> /usr/lib/libpcap.A.dylib
dyld[11615]: <5E89267F-C684-348D-8356-F9DAD8B4CB13> /usr/lib/libquic.dylib
dyld[11615]: <D2F997AA-2E08-3035-9D11-B2DF5D1552E9> /usr/lib/libusrtcp.dylib
dyld[11615]: <1617DBB1-2BFF-3619-903C-2FBB31348FB6> /System/Library/PrivateFrameworks/AtomicsInternal.framework/Versions/A/AtomicsInternal
dyld[11615]: <41F66F01-A342-3091-A832-0B2B645C922B> /System/Library/PrivateFrameworks/InternalSwiftProtobuf.framework/Versions/A/InternalSwiftProtobuf
dyld[11615]: <2EDB2E62-942F-3AB5-82AF-8E1328544E17> /usr/lib/swift/libswiftDistributed.dylib
dyld[11615]: <CD141C3F-F1A3-3AD8-B190-0A78FB3BB4E5> /usr/lib/swift/libswiftObservation.dylib
dyld[11615]: <FDFD191A-CA23-3D4A-9875-C7748238830A> /usr/lib/swift/libswiftSynchronization.dylib
dyld[11615]: <91BDD1F8-831B-3B01-86BA-6BBCB43373C4> /System/Library/PrivateFrameworks/AggregateDictionary.framework/Versions/A/AggregateDictionary
dyld[11615]: <90CFC86E-833E-3E9F-BAAC-2B61BD750DA6> /System/Library/PrivateFrameworks/CoreDuetContext.framework/Versions/A/CoreDuetContext
dyld[11615]: <07CF779F-8F51-3764-B486-23D76868FF91> /System/Library/PrivateFrameworks/BiomeLibrary.framework/Versions/A/BiomeLibrary
dyld[11615]: <838F99F9-D3FA-335B-9767-B5D04A3FACA6> /System/Library/PrivateFrameworks/CoreDuet.framework/Versions/A/CoreDuet
dyld[11615]: <2110407D-EFB4-373E-B963-9C92E26594B2> /System/Library/PrivateFrameworks/BiomeStreams.framework/Versions/A/BiomeStreams
dyld[11615]: <455A5553-E683-30B4-A906-1F14E75F6E61> /System/Library/PrivateFrameworks/BiomeFoundation.framework/Versions/A/BiomeFoundation
dyld[11615]: <0F03104F-FC8B-3ADD-8850-4B7029E2B56E> /System/Library/PrivateFrameworks/BiomePubSub.framework/Versions/A/BiomePubSub
dyld[11615]: <712AD9C1-44D2-36F4-BA8E-15038521462B> /System/Library/Frameworks/CoreData.framework/Versions/A/CoreData
dyld[11615]: <73EE1A0A-0D29-3104-98CB-BEFEDA53F7C0> /System/Library/PrivateFrameworks/ProactiveSupport.framework/Versions/A/ProactiveSupport
dyld[11615]: <9805BB7B-12C9-39F5-9070-C5B8BFCAE2AF> /System/Library/Frameworks/CoreLocation.framework/Versions/A/CoreLocation
dyld[11615]: <FA0B35BF-F3FE-3329-983D-B5118AAF4E07> /System/Library/Frameworks/Intents.framework/Versions/A/Intents
dyld[11615]: <EDFF8FB1-DFD9-32F1-B215-F8647276D90C> /System/Library/Frameworks/_LocationEssentials.framework/Versions/A/_LocationEssentials
dyld[11615]: <A758BC2B-EB48-3590-9B22-C2E0FAC3521E> /usr/lib/liblzma.5.dylib
dyld[11615]: <9171DD7D-3994-3963-9A28-BC163BF97DE6> /System/Library/Frameworks/Accelerate.framework/Versions/A/Accelerate
dyld[11615]: <D3DECDE5-FA90-35FB-861D-8148E963D8B1> /System/Library/PrivateFrameworks/MobileKeyBag.framework/Versions/A/MobileKeyBag
dyld[11615]: <858910C5-1D4A-37B7-BF0E-EE02E24A2ACD> /System/Library/PrivateFrameworks/InternationalTextSearch.framework/Versions/A/InternationalTextSearch
dyld[11615]: <13271AA6-33EA-369B-B2D1-6EC528C820E7> /System/Library/PrivateFrameworks/SoftwareUpdateCoreSupport.framework/Versions/A/SoftwareUpdateCoreSupport
dyld[11615]: <2CA857AF-D999-34DC-94A1-3AC0E5B80416> /System/Library/PrivateFrameworks/SoftwareUpdateCoreConnect.framework/Versions/A/SoftwareUpdateCoreConnect
dyld[11615]: <823F3D1A-65F1-3CC5-96B1-750263B8DB36> /System/Library/PrivateFrameworks/RemoteServiceDiscovery.framework/Versions/A/RemoteServiceDiscovery
dyld[11615]: <FC49965D-D149-30F8-A403-EED6A2ED8C1D> /System/Library/PrivateFrameworks/MSUDataAccessor.framework/Versions/A/MSUDataAccessor
dyld[11615]: <B5133C2D-C0A5-34C3-BF53-A59FBDDCEEDA> /usr/lib/libbootpolicy.dylib
dyld[11615]: <885F9C72-1018-368B-AD36-E8A42E87FD91> /System/Library/PrivateFrameworks/RemoteXPC.framework/Versions/A/RemoteXPC
dyld[11615]: <BA9D87B5-421B-37B2-BEF3-F3E359C22B18> /usr/lib/libFDR.dylib
dyld[11615]: <24D28E7F-A1AE-3031-8679-A0D6C6D68A86> /usr/lib/libamsupport.dylib
dyld[11615]: <29367004-5D60-38DB-831F-9E5EE9364B21> /usr/lib/libReverseProxyDevice.dylib
dyld[11615]: <9594FBFB-D49D-3DF6-8820-564633EAEC2B> /System/Library/PrivateFrameworks/AppleDeviceQuerySupport.framework/Versions/A/AppleDeviceQuerySupport
dyld[11615]: <BA13DE06-6320-345A-A2E3-CC3C4EB06574> /usr/lib/libpartition2_dynamic.dylib
dyld[11615]: <B739BAFB-BA9A-3F08-A480-EA4D41808899> /System/Library/PrivateFrameworks/AppleSauce.framework/Versions/A/AppleSauce
dyld[11615]: <9A8926C8-36A6-3DB4-A485-059C1F630984> /usr/lib/libAppleArchive.dylib
dyld[11615]: <5FFE1FFA-6BD0-32AF-A815-7543731CA763> /usr/lib/libbz2.1.0.dylib
dyld[11615]: <2B16DF37-A596-3D8A-AE47-33E580EB1354> /System/Library/Frameworks/Accelerate.framework/Versions/A/Frameworks/vImage.framework/Versions/A/vImage
dyld[11615]: <8203944D-B53E-3D7E-A481-3C676CAE1B6A> /System/Library/Frameworks/Accelerate.framework/Versions/A/Frameworks/vecLib.framework/Versions/A/vecLib
dyld[11615]: <F6878ABB-05CB-3A50-964F-4D772670BAEB> /System/Library/Frameworks/Accelerate.framework/Versions/A/Frameworks/vecLib.framework/Versions/A/libvMisc.dylib
dyld[11615]: <08508E7B-096D-31AB-9C66-191C877ED62F> /System/Library/Frameworks/Accelerate.framework/Versions/A/Frameworks/vImage.framework/Versions/A/Libraries/libCGInterfaces.dylib
dyld[11615]: <8945E7B7-12AE-3FF4-AA3B-D4DF9A06FEE7> /System/Library/PrivateFrameworks/AccelerateGPU.framework/Versions/A/AccelerateGPU
dyld[11615]: <23402175-D2CF-3B08-88D0-AFBBCF775FEF> /System/Library/Frameworks/Accelerate.framework/Versions/A/Frameworks/vecLib.framework/Versions/A/libBLAS.dylib
dyld[11615]: <086CBEED-2F64-3E75-AB99-8C8C0E0A2F1C> /System/Library/Frameworks/ApplicationServices.framework/Versions/A/ApplicationServices
dyld[11615]: <0616AF41-149E-3F4A-906E-56E2642457BE> /System/Library/Frameworks/CoreVideo.framework/Versions/A/CoreVideo
dyld[11615]: <873404F1-CC9D-30F9-AE06-8EA58D292005> /System/Library/Frameworks/ColorSync.framework/Versions/A/ColorSync
dyld[11615]: <B00FAD17-3AB0-343A-8CD8-F188911D898A> /System/Library/Frameworks/CoreText.framework/Versions/A/CoreText
dyld[11615]: <C9CF487D-E759-3F94-ABEB-7AE5EB39AF7D> /System/Library/Frameworks/ImageIO.framework/Versions/A/ImageIO
dyld[11615]: <BBC091EE-D42B-32AC-8B00-E7BDDF033D7B> /System/Library/Frameworks/ApplicationServices.framework/Versions/A/Frameworks/ATS.framework/Versions/A/ATS
dyld[11615]: <CD16C3FB-D2A0-3F68-98DC-CE67FCBFDFF2> /System/Library/Frameworks/ApplicationServices.framework/Versions/A/Frameworks/HIServices.framework/Versions/A/HIServices
dyld[11615]: <AABA23CA-86DB-312C-BAED-86C43B896705> /System/Library/Frameworks/ApplicationServices.framework/Versions/A/Frameworks/PrintCore.framework/Versions/A/PrintCore
dyld[11615]: <59BBF27B-1D89-3D35-9210-8386EFA15A8D> /System/Library/Frameworks/ApplicationServices.framework/Versions/A/Frameworks/QD.framework/Versions/A/QD
dyld[11615]: <B4FC52C5-BB0F-3604-B00E-16F24907EB8F> /System/Library/Frameworks/ApplicationServices.framework/Versions/A/Frameworks/ColorSyncLegacy.framework/Versions/A/ColorSyncLegacy
dyld[11615]: <9CDA611B-254A-3779-9356-369485134C2D> /System/Library/Frameworks/ApplicationServices.framework/Versions/A/Frameworks/SpeechSynthesis.framework/Versions/A/SpeechSynthesis
dyld[11615]: <0C8F41C6-6D93-3DB3-B522-CA8CFF5C3B33> /System/Library/PrivateFrameworks/SkyLight.framework/Versions/A/SkyLight
dyld[11615]: <9E126CE0-FBB2-3B15-953F-CCDC758E34FB> /System/Library/PrivateFrameworks/FontServices.framework/libFontParser.dylib
dyld[11615]: <959C748F-8851-3A25-BFFA-5FEA80296965> /System/Library/PrivateFrameworks/BaseBoard.framework/Versions/A/BaseBoard
dyld[11615]: <BF23D7B4-4992-3663-BBEC-A55EE7D351DE> /System/Library/PrivateFrameworks/BoardServices.framework/Versions/A/BoardServices
dyld[11615]: <E1DAB2C4-0470-35D4-914C-1F38DE3D9EBB> /System/Library/PrivateFrameworks/BackBoardServices.framework/Versions/A/BackBoardServices
dyld[11615]: <7F763DF9-EA7F-3938-B599-DCCF4605E610> /System/Library/PrivateFrameworks/BackBoardHIDEventFoundation.framework/Versions/A/BackBoardHIDEventFoundation
dyld[11615]: <D8E7E31A-7D3E-3742-A3EE-469C6237FAF4> /System/Library/Frameworks/CoreDisplay.framework/Versions/A/CoreDisplay
dyld[11615]: <C287CF1D-67F4-3798-99A3-221052B70A22> /System/Library/Frameworks/VideoToolbox.framework/Versions/A/VideoToolbox
dyld[11615]: <D5C759F9-A533-3E0B-8916-07CA63760A80> /System/Library/Frameworks/MetalPerformanceShaders.framework/Versions/A/MetalPerformanceShaders
dyld[11615]: <D495C457-EECC-3D57-B449-EC8F324214EC> /System/Library/PrivateFrameworks/ProDisplayLibrary.framework/Versions/A/ProDisplayLibrary
dyld[11615]: <1E529C1A-B09C-3EB7-A286-CE00E292D561> /System/Library/PrivateFrameworks/IOSurfaceAccelerator.framework/Versions/A/IOSurfaceAccelerator
dyld[11615]: <493E76D9-74D4-333B-A3B2-E5F9BC86429D> /System/Library/Frameworks/Metal.framework/Versions/A/Metal
dyld[11615]: <A0C21253-9F8C-3E9A-B9D9-02517BDAE43B> /System/Library/PrivateFrameworks/IOAccelerator.framework/Versions/A/IOAccelerator
dyld[11615]: <DB8BA2C9-C144-310E-AD6B-EB623FB3C7FB> /System/Library/Frameworks/CoreMedia.framework/Versions/A/CoreMedia
dyld[11615]: <A160698F-BE34-323D-B5BE-56D7371B1230> /System/Library/PrivateFrameworks/TCC.framework/Versions/A/TCC
dyld[11615]: <A062966A-1DD7-3BC4-83DB-42E820054727> /System/Library/PrivateFrameworks/WatchdogClient.framework/Versions/A/WatchdogClient
dyld[11615]: <98CB7012-30E5-3BDD-8C84-CDBDA9DB3017> /System/Library/Frameworks/QuartzCore.framework/Versions/A/QuartzCore
dyld[11615]: <57F7BB9C-649D-3360-AA86-A502815D77FA> /System/Library/PrivateFrameworks/MultitouchSupport.framework/Versions/A/MultitouchSupport
dyld[11615]: <625F222D-6394-39B9-A1F2-12B9EA56DD85> /usr/lib/swift/libswiftAccelerate.dylib
dyld[11615]: <CAFCB013-F154-361D-8A8C-062C63BBA8FC> /usr/lib/swift/libswiftCoreAudio.dylib
dyld[11615]: <BE970706-7E22-3C17-A8C1-BF3CDF685F21> /usr/lib/swift/libswiftCoreMedia.dylib
dyld[11615]: <7235A6A9-49B2-3B94-9DD6-C987019CDBF2> /usr/lib/swift/libswiftMetal.dylib
dyld[11615]: <9670AE5C-271A-3DCB-9A0A-8E3A7CCC2726> /usr/lib/swift/libswiftOSLog.dylib
dyld[11615]: <63444A8C-9E8C-3778-820D-1E0C88CA2DF7> /usr/lib/swift/libswiftQuartzCore.dylib
dyld[11615]: <A83236CA-4417-3C27-B252-72923DB09F88> /usr/lib/swift/libswiftUniformTypeIdentifiers.dylib
dyld[11615]: <9247A5B6-A883-3A07-BEE7-A223840317A4> /usr/lib/swift/libswiftVideoToolbox.dylib
dyld[11615]: <CB6EF41A-C18E-3EDA-B68C-CCB0E36EE662> /usr/lib/swift/libswiftsimd.dylib
dyld[11615]: <D393CCA0-5E20-31D3-8E1A-70476551724B> /System/Library/PrivateFrameworks/BiomeStorage.framework/Versions/A/BiomeStorage
dyld[11615]: <D5DD1ABA-3697-3A32-A10F-FC7B7954CFB6> /System/Library/PrivateFrameworks/IntelligencePlatformLibrary.framework/Versions/A/IntelligencePlatformLibrary
dyld[11615]: <42CDC0E6-51BA-3804-BD3E-EDF87FC74034> /System/Library/PrivateFrameworks/PoirotSchematizer.framework/Versions/A/PoirotSchematizer
dyld[11615]: <2362E209-EC61-3FFC-9486-1244BB29BE82> /System/Library/PrivateFrameworks/BiomeSync.framework/Versions/A/BiomeSync
dyld[11615]: <FE87FF48-AB89-3D65-ABC3-EFE50A81355F> /System/Library/PrivateFrameworks/BiomeDSL.framework/Versions/A/BiomeDSL
dyld[11615]: <F8F78EEC-A28C-3AAF-A7F2-7EFD5B839EDB> /System/Library/PrivateFrameworks/FeatureFlags.framework/Versions/A/FeatureFlags
dyld[11615]: <D085FE4F-65AA-3A17-8F24-156DD9814882> /System/Library/PrivateFrameworks/PoirotUDFs.framework/Versions/A/PoirotUDFs
dyld[11615]: <AF5AF4DC-D24A-3073-BD23-4CEAD8C3AEE4> /usr/lib/swift/libswift_DarwinFoundation2.dylib
dyld[11615]: <8D2C31B5-FB10-3BF6-8566-F0DCD56C8582> /usr/lib/swift/libswift_DarwinFoundation3.dylib
dyld[11615]: <A41A3592-8BDB-3BE5-BBF4-DC196D669C1D> /System/Library/PrivateFrameworks/CoreTime.framework/Versions/A/CoreTime
dyld[11615]: <4646F780-1D5E-3EE7-B00A-64619293CC18> /usr/lib/libiconv.2.dylib
dyld[11615]: <1940124C-0D73-35D2-9D94-A75F116088A0> /usr/lib/libcharset.1.dylib
dyld[11615]: <24779350-BC29-3465-AAB3-F7CD0DA5844A> /System/Library/PrivateFrameworks/PoirotSQLite.framework/Versions/A/PoirotSQLite
dyld[11615]: <7B63C2BF-8C7C-3ECA-ACD9-F1B75DBE018C> /usr/lib/swift/libswift_RegexParser.dylib
dyld[11615]: <2091B02D-8D55-3DC4-8097-60C193D03C85> /System/Library/PrivateFrameworks/CascadeSets.framework/Versions/A/CascadeSets
dyld[11615]: <79000980-1797-3115-B74B-60FA1E9C3C73> /System/Library/PrivateFrameworks/CorePhoneNumbers.framework/Versions/A/CorePhoneNumbers
dyld[11615]: <7F00413A-4D40-3DBF-8FD5-859B23E6DC03> /System/Library/PrivateFrameworks/AppleJPEG.framework/Versions/A/AppleJPEG
dyld[11615]: <FA9B7355-899F-371F-9293-21A94BAE956F> /usr/lib/libexpat.1.dylib
dyld[11615]: <C880ABD1-01CC-39F9-9144-E5DE22D0595F> /System/Library/Frameworks/ImageIO.framework/Versions/A/Resources/libPng.dylib
dyld[11615]: <CA3AB1CA-DC97-328C-83E8-7CD89BC7FFBE> /System/Library/Frameworks/ImageIO.framework/Versions/A/Resources/libTIFF.dylib
dyld[11615]: <A4885DA3-9B44-3026-89DF-8161510F2F5C> /System/Library/Frameworks/ImageIO.framework/Versions/A/Resources/libGIF.dylib
dyld[11615]: <7304F8B3-8E0F-3813-BFAF-9A565CEA0A11> /System/Library/Frameworks/ImageIO.framework/Versions/A/Resources/libJP2.dylib
dyld[11615]: <01AAD3B4-D6BA-36D9-BA6F-D494D2AC161D> /usr/lib/libate.dylib
dyld[11615]: <8EA6CA42-AA01-3C0F-9672-4917481BAAAE> /System/Library/Frameworks/ImageIO.framework/Versions/A/Resources/libJPEG.dylib
dyld[11615]: <CA79D637-1D80-3C62-8820-EE4CE6961A5A> /System/Library/Frameworks/ImageIO.framework/Versions/A/Resources/libRadiance.dylib
dyld[11615]: <526C249F-FF2E-3DC4-A639-B41A032E8CCE> /System/Library/PrivateFrameworks/GPUCompiler.framework/Versions/32023/Libraries/libllvm-flatbuffers.dylib
dyld[11615]: <1FDD3B19-C04A-3EE7-B7DF-E1F89954A696> /System/Library/PrivateFrameworks/FramePacing.framework/Versions/A/FramePacing
dyld[11615]: <2C410B78-B9A5-30DC-8D83-FFEC1277F34C> /System/Library/Frameworks/OpenGL.framework/Versions/A/Libraries/libCoreFSCache.dylib
dyld[11615]: <F5DD2A61-CD1B-32B0-A8E6-7CB5B4BABFF1> /System/Library/PrivateFrameworks/GPUCompiler.framework/Versions/32023/Libraries/libGPUCompilerUtils.dylib
dyld[11615]: <757FEDFF-841C-3D62-B703-CDE79E929363> /System/Library/PrivateFrameworks/GraphicsServices.framework/Versions/A/GraphicsServices
dyld[11615]: <B4B82439-1E7E-33FB-A08D-6B0C20608AE3> /System/Library/Frameworks/OpenGL.framework/Versions/A/OpenGL
dyld[11615]: <B48D9786-7BF0-308B-A82B-4590632E71D4> /System/Library/Frameworks/OpenGL.framework/Versions/A/Libraries/libGLU.dylib
dyld[11615]: <6CEF3932-AAC9-3F8E-905D-A826F2884C9A> /System/Library/Frameworks/OpenGL.framework/Versions/A/Libraries/libGFXShared.dylib
dyld[11615]: <DED25257-919A-3D90-A2A1-9C61DC783FE8> /System/Library/Frameworks/OpenGL.framework/Versions/A/Libraries/libGL.dylib
dyld[11615]: <CD28CE41-30BB-3743-88BC-22FD9D24D908> /System/Library/Frameworks/OpenGL.framework/Versions/A/Libraries/libGLImage.dylib
dyld[11615]: <D02BDBB2-FBA6-3050-9076-08D94E904E3A> /System/Library/Frameworks/OpenGL.framework/Versions/A/Libraries/libCVMSPluginSupport.dylib
dyld[11615]: <07CB5D41-C2F3-3C33-951F-67B2C8B8B662> /System/Library/Frameworks/OpenGL.framework/Versions/A/Libraries/libCoreVMClient.dylib
dyld[11615]: <C1AB9351-81C2-3B9F-B237-D8560B16A134> /System/Library/PrivateFrameworks/GPUWrangler.framework/Versions/A/GPUWrangler
dyld[11615]: <BD01EBB2-341A-38E7-89D5-450025B67415> /System/Library/PrivateFrameworks/IOPresentment.framework/Versions/A/IOPresentment
dyld[11615]: <CFE441E7-0BAC-3894-862D-9F914D9E6D40> /System/Library/PrivateFrameworks/DSExternalDisplay.framework/Versions/A/DSExternalDisplay
dyld[11615]: <825E8416-E246-338E-A5CF-AA81A1B01DD9> /System/Library/PrivateFrameworks/VideoToolboxParavirtualizationSupport.framework/Versions/A/VideoToolboxParavirtualizationSupport
dyld[11615]: <7CF84496-675C-3241-B0EF-E83C95F188FA> /System/Library/PrivateFrameworks/AppleVA.framework/Versions/A/AppleVA
dyld[11615]: <3D533C35-3A2A-3672-92EF-5FEE9EE739AC> /System/Library/Frameworks/ExtensionFoundation.framework/Versions/A/ExtensionFoundation
dyld[11615]: <E35A60EE-A0A9-36CA-824C-0DC01FDD6658> /System/Library/PrivateFrameworks/CMCaptureCore.framework/Versions/A/CMCaptureCore
dyld[11615]: <04DC06C1-2BFA-3FEE-9429-A33E41721A3E> /usr/lib/libspindump.dylib
dyld[11615]: <D13AB14D-2B45-34D0-86DE-38DF75BF48E5> /System/Library/Frameworks/CoreAudio.framework/Versions/A/CoreAudio
dyld[11615]: <2B5FB7B0-844C-3D84-9EFD-020B285B0F8D> /System/Library/PrivateFrameworks/AppServerSupport.framework/Versions/A/AppServerSupport
dyld[11615]: <D3AAB65F-8C3C-399C-927F-20DC2DD769F2> /System/Library/PrivateFrameworks/perfdata.framework/Versions/A/perfdata
dyld[11615]: <B3B992BC-322C-389A-BB29-BA9B3D3B01EB> /System/Library/PrivateFrameworks/AudioDSPGraph.framework/Versions/A/AudioDSPGraph
dyld[11615]: <8AF1606D-5C93-3B80-BC81-60C5688628E2> /System/Library/PrivateFrameworks/AudioToolboxCore.framework/Versions/A/AudioToolboxCore
dyld[11615]: <AD0B0769-76D4-3613-BAE4-DBBBE05F7E3E> /System/Library/PrivateFrameworks/caulk.framework/Versions/A/caulk
dyld[11615]: <3FF99846-E48C-3C9A-814C-35B45E5F60EC> /usr/lib/libAudioStatistics.dylib
dyld[11615]: <6108A12D-286B-3CF2-B848-B0E7A0189DCC> /System/Library/PrivateFrameworks/SystemPolicy.framework/Versions/A/SystemPolicy
dyld[11615]: <655F6374-6CE8-3D0E-994E-4D7C37F78E89> /usr/lib/libSMC.dylib
dyld[11615]: <7AE04E20-83FD-3B1B-8846-E9869AD98DB5> /usr/lib/swift/libswiftCoreMIDI.dylib
dyld[11615]: <52BD9E26-B356-3EAA-9AD7-7FF700C61A91> /System/Library/Frameworks/CoreMIDI.framework/Versions/A/CoreMIDI
dyld[11615]: <75F77FEC-BE14-3C97-93DA-403C3B529D3B> /usr/lib/libAudioToolboxUtility.dylib
dyld[11615]: <912BFF10-FB8F-3D52-9941-ACDCE1CAE36A> /usr/lib/libperfcheck.dylib
dyld[11615]: <C4EF9A70-A6B4-3F21-B3D8-A0C740406419> /System/Library/PrivateFrameworks/AudioAnalytics.framework/Versions/A/AudioAnalytics
dyld[11615]: <869F0693-0E82-38C1-8920-C782E71735CA> /System/Library/Frameworks/OSLog.framework/Versions/A/OSLog
dyld[11615]: <62740FDD-2B16-3319-B5C9-022D45C6B03A> /System/Library/PrivateFrameworks/OSEligibility.framework/Versions/A/OSEligibility
dyld[11615]: <10C63D59-07BC-3518-87A0-83CAC48D8A70> /System/Library/PrivateFrameworks/IconServices.framework/Versions/A/IconServices
dyld[11615]: <8EF56F82-8CCE-3811-AD16-6D0939187B45> /System/Library/Frameworks/LightweightCodeRequirements.framework/Versions/A/LightweightCodeRequirements
dyld[11615]: <F362C1C4-8E0B-37E3-943D-D3D2C7A6DD63> /System/Library/PrivateFrameworks/PlugInKit.framework/Versions/A/PlugInKit
dyld[11615]: <1946F8FE-0ABC-3F8F-9116-5451ECABD14C> /System/Library/PrivateFrameworks/AssertionServices.framework/Versions/A/AssertionServices
dyld[11615]: <D9A3172C-CA6C-3CFB-BEA7-249650B5B009> /System/Library/PrivateFrameworks/IconFoundation.framework/Versions/A/IconFoundation
dyld[11615]: <E9AA2BD2-D71E-38C4-8B07-184B13EAC55C> /System/Library/PrivateFrameworks/AssistantServices.framework/Versions/A/AssistantServices
dyld[11615]: <6A34A62A-16D4-34F0-B34B-2D96B53C20AD> /System/Library/PrivateFrameworks/IconRendering.framework/Versions/A/IconRendering
dyld[11615]: <D58368A9-E06A-3514-8E77-823FCAD3161B> /System/Library/PrivateFrameworks/CoreUI.framework/Versions/A/CoreUI
dyld[11615]: <0943679D-FF88-3F18-BE4B-D8B4827AB0B5> /System/Library/Frameworks/CoreImage.framework/Versions/A/CoreImage
dyld[11615]: <968B5A5F-9749-3527-AF2A-66B599785308> /System/Library/PrivateFrameworks/SFSymbols.framework/Versions/A/SFSymbols
dyld[11615]: <B1322FAC-9016-3646-890B-B51DF5E968A2> /System/Library/Frameworks/DeveloperToolsSupport.framework/Versions/A/DeveloperToolsSupport
dyld[11615]: <92090A92-DFAF-3EBC-886C-655EC158A53F> /System/Library/PrivateFrameworks/RenderBox.framework/Versions/A/RenderBox
dyld[11615]: <986D57A7-BFF1-3DAA-8EB1-17CCAA76C731> /System/Library/PrivateFrameworks/CoreSVG.framework/Versions/A/CoreSVG
dyld[11615]: <D4BD9DCA-1C71-353D-8DAC-13ED5065D77F> /System/Library/PrivateFrameworks/TextureIO.framework/Versions/A/TextureIO
dyld[11615]: <A543AEBB-52DB-3028-BAC0-650F22C04BC8> /usr/lib/swift/libswiftCoreImage.dylib
dyld[11615]: <77D85BA0-FE1C-3B5A-92DB-70A30202C990> /System/Library/PrivateFrameworks/GraphVisualizer.framework/Versions/A/GraphVisualizer
dyld[11615]: <A9851D45-161F-3722-BC68-5B3B3FBFC956> /System/Library/PrivateFrameworks/FontServices.framework/Versions/A/FontServices
dyld[11615]: <5D3E7FFF-AC8E-3D6F-8E99-B199E593D270> /System/Library/PrivateFrameworks/OTSVG.framework/Versions/A/OTSVG
dyld[11615]: <49E7449E-1385-3B53-94CC-36EFC31E98FE> /System/Library/Frameworks/ApplicationServices.framework/Versions/A/Frameworks/ATS.framework/Versions/A/Resources/libFontRegistry.dylib
dyld[11615]: <23C577A8-DB0B-3A0A-9058-1289483C262A> /usr/lib/libhvf.dylib
dyld[11615]: <11E757EC-72FB-3C53-8ED7-641428AB6169> /System/Library/PrivateFrameworks/ParsingInternal.framework/Versions/A/ParsingInternal
dyld[11615]: <B3DBACFE-8DA6-3E2D-92F1-F82E010A2225> /System/Library/PrivateFrameworks/FontServices.framework/libXTFontStaticRegistryData.dylib
dyld[11615]: <DBB5F038-E085-39C8-A9BF-C3B3CB3F6FD5> /System/Library/Frameworks/MetalPerformanceShaders.framework/Versions/A/Frameworks/MPSCore.framework/Versions/A/MPSCore
dyld[11615]: <A0BE8307-7ECF-3AB8-B382-3E4059C85778> /System/Library/Frameworks/MetalPerformanceShaders.framework/Versions/A/Frameworks/MPSImage.framework/Versions/A/MPSImage
dyld[11615]: <199F6401-91D0-36E9-9EA9-D4B44ED1CE3A> /System/Library/Frameworks/MetalPerformanceShaders.framework/Versions/A/Frameworks/MPSNeuralNetwork.framework/Versions/A/MPSNeuralNetwork
dyld[11615]: <4D134FE3-50EE-39D5-9699-04B4B673DD35> /System/Library/Frameworks/MetalPerformanceShaders.framework/Versions/A/Frameworks/MPSMatrix.framework/Versions/A/MPSMatrix
dyld[11615]: <2E7E2722-3821-3DBF-B25A-6EA45D1A8FD4> /System/Library/Frameworks/MetalPerformanceShaders.framework/Versions/A/Frameworks/MPSRayIntersector.framework/Versions/A/MPSRayIntersector
dyld[11615]: <3E1FE9EA-34A2-3545-B639-48B1FE1FD3D4> /System/Library/Frameworks/MetalPerformanceShaders.framework/Versions/A/Frameworks/MPSNDArray.framework/Versions/A/MPSNDArray
dyld[11615]: <3103E210-FF5C-3677-BDD3-59FF17A6ACEC> /System/Library/Frameworks/MetalPerformanceShaders.framework/Versions/A/Frameworks/MPSFunctions.framework/Versions/A/MPSFunctions
dyld[11615]: <CE33B5A6-25BA-3202-BDFE-0D59EFE2199A> /System/Library/Frameworks/MetalPerformanceShaders.framework/Versions/A/Frameworks/MPSBenchmarkLoop.framework/Versions/A/MPSBenchmarkLoop
dyld[11615]: <31F90368-23A5-39BB-822B-C8470C4479AE> /System/Library/Frameworks/MetalPerformanceShaders.framework/Versions/A/Frameworks/MPSHost.framework/Versions/A/MPSHost
dyld[11615]: <9C416BB2-0882-315C-AF23-F476E34983BC> /System/Library/PrivateFrameworks/MetalTools.framework/Versions/A/MetalTools
dyld[11615]: <E6505525-75F4-380E-A9D7-7C5721260925> /System/Library/PrivateFrameworks/IOAccelMemoryInfo.framework/Versions/A/IOAccelMemoryInfo
dyld[11615]: <F2E7C7C4-03B4-3341-91ED-DD5472BF3F3B> /System/Library/PrivateFrameworks/kperf.framework/Versions/A/kperf
dyld[11615]: <03470B3A-A004-39A0-B6A4-F2A4AFFFCDD3> /System/Library/PrivateFrameworks/GPURawCounter.framework/Versions/A/GPURawCounter
dyld[11615]: <4D8F39C6-B221-3AF1-BB40-CAEB0A174D61> /System/Library/PrivateFrameworks/ASEProcessing.framework/Versions/A/ASEProcessing
dyld[11615]: <724D42FC-F4FD-39C7-A1BF-D0AD086231F4> /System/Library/PrivateFrameworks/Symbolication.framework/Versions/A/Symbolication
dyld[11615]: <FBE7AAD0-E0FC-3573-9D62-EB6948FE95FF> /System/Library/PrivateFrameworks/PhotosensitivityProcessing.framework/Versions/A/PhotosensitivityProcessing
dyld[11615]: <1B4C0154-843C-3CEE-9628-22978082DD2D> /System/Library/PrivateFrameworks/SILManager.framework/Versions/A/SILManager
dyld[11615]: <59136324-34E6-3367-92BB-659346907A04> /System/Library/PrivateFrameworks/CoreSymbolication.framework/Versions/A/CoreSymbolication
dyld[11615]: <566F2D7D-0F3B-3290-A739-7A40A151F0BE> /System/Library/PrivateFrameworks/MallocStackLogging.framework/Versions/A/MallocStackLogging
dyld[11615]: <7C923545-F3BB-3215-9720-85196358D9F1> /System/Library/PrivateFrameworks/DebugSymbols.framework/Versions/A/DebugSymbols
dyld[11615]: <06728C4D-5750-308F-8290-EAF7BE91F4BB> /System/Library/PrivateFrameworks/OSAnalytics.framework/Versions/A/OSAnalytics
dyld[11615]: <2FA711C7-F764-363A-BF03-295E0DA88B79> /System/Library/PrivateFrameworks/DeviceRecovery.framework/Versions/A/DeviceRecovery
dyld[11615]: <D817A379-80E9-3A4B-A361-DDEF1B7EFB28> /System/Library/PrivateFrameworks/Tightbeam.framework/Versions/A/Tightbeam
dyld[11615]: <856ACB2A-3334-3BA6-AAC8-8F344E7CDB83> /usr/lib/swift/libswiftCompression.dylib
dyld[11615]: <E638FBE2-2BB6-3A8E-A1DF-D7B5AC9BE7B0> /System/Library/PrivateFrameworks/AFKUser.framework/Versions/A/AFKUser
dyld[11615]: <2186F196-EE17-3A59-B9DA-D6823BEDD35B> /System/Library/Frameworks/ApplicationServices.framework/Versions/A/Frameworks/ATSUI.framework/Versions/A/ATSUI
dyld[11615]: <086BB8AD-E317-3FC4-9E44-0D7C6036E8D7> /System/Library/PrivateFrameworks/SAObjects.framework/Versions/A/SAObjects
dyld[11615]: <E8618176-515C-39A6-9F9C-3887A723C463> /System/Library/Frameworks/AudioToolbox.framework/Versions/A/AudioToolbox
dyld[11615]: <D3E0EAC7-7D37-316F-A361-F4C83335062D> /System/Library/PrivateFrameworks/MediaRemote.framework/Versions/A/MediaRemote
dyld[11615]: <7F1A25E4-ED0A-3502-AABA-26EDB4A0D2A7> /System/Library/Frameworks/UserNotifications.framework/Versions/A/UserNotifications
dyld[11615]: <8A5E0FF6-3116-3082-A0AD-20DCD6C5E1B4> /System/Library/PrivateFrameworks/SiriInstrumentation.framework/Versions/A/SiriInstrumentation
dyld[11615]: <600E036E-9B18-35BE-B40B-E8D2D53AC90D> /System/Library/PrivateFrameworks/SiriAnalytics.framework/Versions/A/SiriAnalytics
dyld[11615]: <619E6770-766A-3629-9AF8-F32C009375E9> /System/Library/PrivateFrameworks/SiriTTSService.framework/Versions/A/SiriTTSService
dyld[11615]: <71CAE70A-72AD-3F74-834D-3519B545C08D> /System/Library/PrivateFrameworks/SiriCrossDeviceArbitration.framework/Versions/A/SiriCrossDeviceArbitration
dyld[11615]: <D636CE5D-CC59-3EA5-9336-20DB0DAF6E85> /System/Library/PrivateFrameworks/FeedbackLogger.framework/Versions/A/FeedbackLogger
dyld[11615]: <55FBCBE4-1032-3017-BA49-D734B82405DF> /System/Library/PrivateFrameworks/FaceTimeNameUtility.framework/Versions/A/FaceTimeNameUtility
dyld[11615]: <336E2CAC-84D2-34DC-8AE3-7FE688C609EA> /System/Library/PrivateFrameworks/AuthKit.framework/Versions/A/AuthKit
dyld[11615]: <B6CA0C8F-4310-3E4B-BA3B-9F968F3009F4> /System/Library/PrivateFrameworks/SiriCrossDeviceArbitrationFeedback.framework/Versions/A/SiriCrossDeviceArbitrationFeedback
dyld[11615]: <368BC882-02B9-38AB-89B4-F62430F2B8EB> /usr/lib/swift/libswiftCoreLocation.dylib
dyld[11615]: <CEBC9F85-34DA-3BAF-B8DE-75F99B8C8976> /usr/lib/swift/libswiftAVFoundation.dylib
dyld[11615]: <C4A61DD1-1AEC-329E-A67E-388FB246CC34> /System/Library/PrivateFrameworks/UIKitServices.framework/Versions/A/UIKitServices
dyld[11615]: <54A2CBB8-623D-3629-904A-D0399ED13547> /System/Library/PrivateFrameworks/UnifiedAssetFramework.framework/Versions/A/UnifiedAssetFramework
dyld[11615]: <DC26AFB1-EFAD-3BB8-9446-0FB18DDFE476> /System/Library/PrivateFrameworks/AudioSession.framework/Versions/A/AudioSession
dyld[11615]: <52A7AD42-9DE0-393B-A6FB-A7CB6FF8F3A5> /System/Library/PrivateFrameworks/MediaExperience.framework/Versions/A/MediaExperience
dyld[11615]: <1A63E9E1-2D64-3AF4-9CCD-6EF042397F84> /System/Library/PrivateFrameworks/AudioSession.framework/libSessionUtility.dylib
dyld[11615]: <7CC1BC36-42C1-39A3-AA4F-F9C8ABCE0CD5> /System/Library/PrivateFrameworks/AudioAccessoryServices.framework/Versions/A/AudioAccessoryServices
dyld[11615]: <515FDCCC-535A-398B-BBD3-3D35565F5423> /System/Library/Frameworks/CoreBluetooth.framework/Versions/A/CoreBluetooth
dyld[11615]: <C943FF30-2340-3412-9880-5AB6FE22A95C> /System/Library/PrivateFrameworks/CoreUtils.framework/Versions/A/CoreUtils
dyld[11615]: <C61C2A64-EA55-3732-A51A-FD2F9740B76B> /System/Library/PrivateFrameworks/HID.framework/Versions/A/HID
dyld[11615]: <920D8AA6-CDCD-3E0F-AD66-F0673ACABD3F> /System/Library/PrivateFrameworks/Sharing.framework/Versions/A/Sharing
dyld[11615]: <3DD8C4CA-23E9-35CF-AD67-549DD72D3344> /System/Library/PrivateFrameworks/CoreUtilsExtras.framework/Versions/A/CoreUtilsExtras
dyld[11615]: <236517AD-8D16-3E62-8603-EBE7B65ACACA> /System/Library/PrivateFrameworks/IO80211.framework/Versions/A/IO80211
dyld[11615]: <42F76533-D8DD-3A24-A08A-103C51428797> /System/Library/PrivateFrameworks/IDSFoundation.framework/Versions/A/IDSFoundation
dyld[11615]: <116D159B-163E-3F91-9591-30FF8B6EB537> /System/Library/PrivateFrameworks/Apple80211.framework/Versions/A/Apple80211
dyld[11615]: <EDA738B7-55E8-328B-AA44-B121D23BB318> /System/Library/Frameworks/CoreWLAN.framework/Versions/A/CoreWLAN
dyld[11615]: <1ABB6C50-A5DE-3744-8F07-8C3B5617B0B9> /System/Library/Frameworks/IOBluetooth.framework/Versions/A/IOBluetooth
dyld[11615]: <82D79BDA-26A0-3A44-AAC8-911411801FDE> /usr/lib/swift/libswiftRegexBuilder.dylib
dyld[11615]: <41E45E0C-2E88-3605-B213-F7CD760A9FF4> /System/Library/PrivateFrameworks/IMFoundation.framework/Versions/A/IMFoundation
dyld[11615]: <40F60A3F-90A9-3F07-A99D-005E3158C6F6> /System/Library/PrivateFrameworks/Marco.framework/Versions/A/Marco
dyld[11615]: <59FFD032-1427-39F6-BC16-A6877582A243> /System/Library/PrivateFrameworks/CommonUtilities.framework/Versions/A/CommonUtilities
dyld[11615]: <6C3E51F8-D809-3AA1-8695-B75714C2D39A> /System/Library/PrivateFrameworks/Engram.framework/Versions/A/Engram
dyld[11615]: <E0EBF3B8-E8A7-3D19-A4F1-B59F59D01868> /System/Library/PrivateFrameworks/XPCDistributed.framework/Versions/A/XPCDistributed
dyld[11615]: <12066854-2BE4-35DF-BA9F-B38221C980FD> /usr/lib/libtidy.A.dylib
dyld[11615]: <63F598E2-AF8A-3F29-BE11-3F14DB377A5B> /System/Library/PrivateFrameworks/Bom.framework/Versions/A/Bom
dyld[11615]: <BA8350F0-D484-3F47-8DB5-98AE258D91CB> /usr/lib/libParallelCompression.dylib
dyld[11615]: <9E06CB59-0638-3C9F-B202-264E739433AC> /usr/lib/libIOReport.dylib
dyld[11615]: <15EEE715-2670-3288-AFA8-504BAD951B4F> /System/Library/PrivateFrameworks/WiFiPeerToPeer.framework/Versions/A/WiFiPeerToPeer
dyld[11615]: <9A86DB3F-CC62-3E89-B872-35D04CFFBE42> /System/Library/Frameworks/SecurityFoundation.framework/Versions/A/SecurityFoundation
dyld[11615]: <3854272C-7B14-3A3C-9BB1-F0FBA394708A> /System/Library/PrivateFrameworks/Centauri.framework/Versions/A/Centauri
dyld[11615]: <946B1484-B180-3451-A452-B54BF5A6D392> /System/Library/PrivateFrameworks/Lexicon.framework/Versions/A/Lexicon
dyld[11615]: <2B49C295-4EA2-3DE3-90B4-DC03A96F2657> /usr/lib/libmrc.dylib
dyld[11615]: <6661265C-7B78-3158-9011-4BFDFFEF7807> /System/Library/PrivateFrameworks/IPConfiguration.framework/Versions/A/IPConfiguration
dyld[11615]: <B95CD77E-662A-3F10-89DB-114FBDC592C3> /System/Library/PrivateFrameworks/Netrb.framework/Versions/A/Netrb
dyld[11615]: <DD0CA5A1-7BD8-3895-9290-3580A783C069> /System/Library/PrivateFrameworks/FrontBoardServices.framework/Versions/A/FrontBoardServices
dyld[11615]: <74E55DD6-720D-39E4-897E-EB4328E1946D> /usr/lib/libgermantok.dylib
dyld[11615]: <FDD446CF-5D67-341F-8247-DAE855305379> /System/Library/PrivateFrameworks/LinguisticData.framework/Versions/A/LinguisticData
dyld[11615]: <21723046-939E-302F-883C-9DB417452E3A> /System/Library/PrivateFrameworks/MultiverseSupport.framework/Versions/A/MultiverseSupport
dyld[11615]: <B478696F-3B77-3224-9945-5E2770F73578> /System/Library/PrivateFrameworks/DiskManagement.framework/Versions/A/DiskManagement
dyld[11615]: <FB5CF019-692F-3DDB-9E1F-ABAA63F4B8D9> /System/Library/PrivateFrameworks/AppleIDAuthSupport.framework/Versions/A/AppleIDAuthSupport
dyld[11615]: <E423A66B-6198-377C-934C-2E4A7FE4C732> /System/Library/PrivateFrameworks/AAAFoundation.framework/Versions/A/AAAFoundation
dyld[11615]: <FFBABC1E-8B3E-394B-A95E-A330674158A2> /System/Library/PrivateFrameworks/KeychainCircle.framework/Versions/A/KeychainCircle
dyld[11615]: <CB5152F9-1DCC-323D-AE27-5ECE07CB039C> /System/Library/PrivateFrameworks/URLFormatting.framework/Versions/A/URLFormatting
dyld[11615]: <80C3E2D4-B6B8-3C62-B257-27DEEBAD4935> /usr/lib/libcsfde.dylib
dyld[11615]: <650E155C-1FE3-36ED-8D84-157D380F7F95> /usr/lib/libCoreStorage.dylib
dyld[11615]: <46DD93AF-BACD-309B-AD51-9CC47C78CA2C> /System/Library/PrivateFrameworks/MediaKit.framework/Versions/A/MediaKit
dyld[11615]: <B38F9602-2DFD-33EB-9B69-867D46CF602A> /System/Library/Frameworks/DiscRecording.framework/Versions/A/DiscRecording
dyld[11615]: <1F8700BE-BD91-3B94-AC32-A5F10CEFEE35> /System/Library/PrivateFrameworks/ProtectedCloudStorage.framework/Versions/A/ProtectedCloudStorage
dyld[11615]: <ED615852-CBF2-3349-81A5-27A7D089C1FB> /System/Library/PrivateFrameworks/EFILogin.framework/Versions/A/EFILogin
dyld[11615]: <6A4A85F4-3D12-3C4C-85EC-D53D61379F28> /usr/lib/libheimdal-asn1.dylib
dyld[11615]: <B5964A5B-DEFA-3D07-97D0-A5B8249970C1> /System/Library/PrivateFrameworks/OctagonTrust.framework/Versions/A/OctagonTrust
dyld[11615]: <093EF25B-5305-3611-B068-E65071858F52> /System/Library/Frameworks/AudioUnit.framework/Versions/A/AudioUnit
dyld[11615]: <F53E8087-7A50-37C7-811E-3D84A07325F6> /System/Library/Frameworks/OpenDirectory.framework/Versions/A/OpenDirectory
dyld[11615]: <3B7FD4C1-D1D4-3DA9-B2F8-3D4094679D76> /System/Library/Frameworks/OpenDirectory.framework/Versions/A/Frameworks/CFOpenDirectory.framework/Versions/A/CFOpenDirectory
dyld[11615]: <1DAFDDDA-BB7B-320E-BCFC-B7C22886D486> /System/Library/PrivateFrameworks/GeoServices.framework/Versions/A/GeoServices
dyld[11615]: <AE40B558-7C76-3410-A632-84E1B02DF891> /System/Library/PrivateFrameworks/LocationSupport.framework/Versions/A/LocationSupport
dyld[11615]: <38EE3C42-06D6-3A46-A420-DF701A4EA911> /System/Library/PrivateFrameworks/GeoServicesCore.framework/Versions/A/GeoServicesCore
dyld[11615]: <8D0ECDD1-24B6-3B8D-9CF9-CDC55FC64490> /System/Library/PrivateFrameworks/PhoneNumbers.framework/Versions/A/PhoneNumbers
dyld[11615]: <8A2C8C17-E138-3B34-8643-ED4FB1C9049E> /System/Library/PrivateFrameworks/LocationLogEncryption.framework/Versions/A/LocationLogEncryption
dyld[11615]: <016C5057-625C-30B1-AD32-7BC9D082F05B> /System/Library/Frameworks/AVFAudio.framework/Versions/A/AVFAudio
dyld[11615]: <DBDAA7C3-4F28-390B-B8D4-D59F58121AA2> /System/Library/Frameworks/AVRouting.framework/Versions/A/AVRouting
dyld[11615]: <5240B3A0-D035-345E-A636-BC3A92C847C4> /usr/lib/libAccessibility.dylib
dyld[11615]: <1FB2BCFD-D9FC-385A-A0EA-E2B5052E27F5> /System/Library/PrivateFrameworks/MediaServices.framework/Versions/A/MediaServices
dyld[11615]: <F56AB66A-60FF-3241-9608-313B8522D517> /System/Library/PrivateFrameworks/IDS.framework/Versions/A/IDS
dyld[11615]: <BCF6954A-8EBA-3813-92D9-FE75B565FD8B> /System/Library/PrivateFrameworks/IsolatedCoreAudioClient.framework/Versions/A/IsolatedCoreAudioClient
dyld[11615]: <7CC0621B-3B88-3533-A3FB-52E6214486EE> /System/Library/PrivateFrameworks/CoreAudioOrchestration.framework/Versions/A/CoreAudioOrchestration
dyld[11615]: <B4C2E4EA-D4F8-3676-AD09-004A44391002> /System/Library/Frameworks/MediaToolbox.framework/Versions/A/MediaToolbox
dyld[11615]: <CEC7BD9E-B5F2-3E7C-B04D-5DF1FC3A4553> /System/Library/PrivateFrameworks/CoreAVCHD.framework/Versions/A/CoreAVCHD
dyld[11615]: <74D313A5-4D99-35D1-A4C9-B76AB6457EF0> /System/Library/Frameworks/MediaAccessibility.framework/Versions/A/MediaAccessibility
dyld[11615]: <87F549F4-73CC-302B-ABDB-D3CCFADABFA9> /System/Library/PrivateFrameworks/Mangrove.framework/Versions/A/Mangrove
dyld[11615]: <214294AE-C7B7-3C9A-A4F8-201C989F9779> /System/Library/PrivateFrameworks/CMPhoto.framework/Versions/A/CMPhoto
dyld[11615]: <5F090F48-E481-3737-8E75-362E5D274879> /System/Library/Frameworks/CoreTelephony.framework/Versions/A/CoreTelephony
dyld[11615]: <9ACFCA55-82CB-33DB-AD00-443576099FDB> /System/Library/PrivateFrameworks/CoreAUC.framework/Versions/A/CoreAUC
dyld[11615]: <71A0C0AD-67F3-36F9-BF73-6DD5D7424AF7> /System/Library/PrivateFrameworks/AppleJPEGXL.framework/Versions/A/AppleJPEGXL
dyld[11615]: <63A6BBA0-CD50-30F8-9CD2-81B59264EA13> /usr/lib/libTelephonyUtilDynamic.dylib
dyld[11615]: <C588CBA5-8055-3AA5-84F9-0C578349945E> /System/Library/Frameworks/CryptoKit.framework/Versions/A/CryptoKit
dyld[11615]: <CFC2A741-A85D-3E7D-A961-91F5C1742FA2> /System/Library/PrivateFrameworks/CryptoKitCBridging.framework/Versions/A/CryptoKitCBridging
dyld[11615]: <714063A8-D81E-3B22-9B36-88948A979E7F> /System/Library/Frameworks/CryptoTokenKit.framework/Versions/A/CryptoTokenKit
dyld[11615]: <86858734-8B4D-38E6-AAA7-B7A046A7CB2A> /System/Library/Frameworks/LocalAuthentication.framework/Versions/A/LocalAuthentication
dyld[11615]: <A85C476C-4B4D-3329-A88B-54C091C7EF34> /System/Library/PrivateFrameworks/LocalAuthenticationCore.framework/Versions/A/LocalAuthenticationCore
dyld[11615]: <B33DAE62-0077-35EA-822C-EB5D21C34768> /System/Library/PrivateFrameworks/LocalAuthenticationCredentialServices.framework/Versions/A/LocalAuthenticationCredentialServices
dyld[11615]: <D853D903-DE37-3F27-B376-04084C11772A> /System/Library/Frameworks/LocalAuthentication.framework/Support/SharedUtils.framework/Versions/A/SharedUtils
dyld[11615]: <E4DBF767-1630-3885-8C7B-C8F131BEDDDD> /System/Library/PrivateFrameworks/PersistentConnection.framework/Versions/A/PersistentConnection
dyld[11615]: <6B0D099C-AC56-35DB-90F1-88A09E587FCB> /System/Library/PrivateFrameworks/SonicFoundation.framework/Versions/A/SonicFoundation
dyld[11615]: <ECAF5DEB-CD09-32BB-9267-1DD4C37C2F4A> /System/Library/PrivateFrameworks/AsyncAlgorithmsInternal.framework/Versions/A/AsyncAlgorithmsInternal
dyld[11615]: <2CA62C12-37B5-345A-BF79-5D05F43F6BFB> /System/Library/PrivateFrameworks/FTAWD.framework/Versions/A/FTAWD
dyld[11615]: <0A1C4D11-C108-35E9-A921-86ED86CF7446> /System/Library/PrivateFrameworks/Dendrite.framework/Versions/A/Dendrite
dyld[11615]: <DE7FBAB6-1A85-3819-8FEC-52363C2B8D07> /usr/lib/libtailspin.dylib
dyld[11615]: <5FEA8C08-1577-3296-BC9C-7F3203E8EBFB> /System/Library/PrivateFrameworks/Osprey.framework/Versions/A/Osprey
dyld[11615]: <FA946108-D387-360D-8E87-7BB8FF2D3099> /System/Library/PrivateFrameworks/SiriTTS.framework/Versions/A/SiriTTS
dyld[11615]: <0C005C4D-CA12-389C-9CCE-C4ED05B187E8> /System/Library/Frameworks/NaturalLanguage.framework/Versions/A/NaturalLanguage
dyld[11615]: <0E502870-00F4-35D4-AF82-E7059244798E> /System/Library/PrivateFrameworks/GenerativeModels.framework/Versions/A/GenerativeModels
dyld[11615]: <68474F39-798D-325B-B52F-3DE214F279AE> /System/Library/PrivateFrameworks/SiriPowerInstrumentation.framework/Versions/A/SiriPowerInstrumentation
dyld[11615]: <5E36265A-7670-3D39-A2B8-71DA0AA131CF> /usr/lib/swift/libswiftNaturalLanguage.dylib
dyld[11615]: <6794652C-86F0-37EB-838D-483177685E26> /System/Library/PrivateFrameworks/TailspinSymbolication.framework/Versions/A/TailspinSymbolication
dyld[11615]: <089C1A34-2F4E-3649-94AA-B28A7ECB008B> /System/Library/PrivateFrameworks/Darwinup.framework/Versions/A/Darwinup
dyld[11615]: <EE821A99-A88C-3624-A5B5-12BA741F9D7B> /System/Library/PrivateFrameworks/SignpostSupport.framework/Versions/A/SignpostSupport
dyld[11615]: <8C10B437-C282-37F5-834F-E7179C700373> /System/Library/PrivateFrameworks/FeatureFlagsSupport.framework/Versions/A/FeatureFlagsSupport
dyld[11615]: <D338F7EC-A7ED-3B72-A809-73A873CF3AA7> /System/Library/PrivateFrameworks/ktrace.framework/Versions/A/ktrace
dyld[11615]: <F8A24AA4-4298-398C-ABBB-9520DD956E5A> /System/Library/PrivateFrameworks/SampleAnalysis.framework/Versions/A/SampleAnalysis
dyld[11615]: <400B0E96-4869-37BE-9832-1A14C386148B> /System/Library/PrivateFrameworks/kperfdata.framework/Versions/A/kperfdata
dyld[11615]: <7E3E0CF7-905A-3244-A0C9-0ADCC2E16415> /usr/lib/libdscsym.dylib
dyld[11615]: <FFB902E7-2984-3F17-B43D-2DDA2C5683F9> /System/Library/PrivateFrameworks/AppleMobileFileIntegrity.framework/Versions/A/AppleMobileFileIntegrity
dyld[11615]: <6FBA9099-E428-3571-B940-0D210B6D0861> /System/Library/PrivateFrameworks/BulkSymbolication.framework/Versions/A/BulkSymbolication
dyld[11615]: <90E600A3-0A27-348A-AA57-D1DF4FB305E8> /usr/lib/libTLE.dylib
dyld[11615]: <173A632F-20F3-30C1-BC55-EFFE977BBB8E> /usr/lib/libmis.dylib
dyld[11615]: <2D1B971F-6A7F-32D0-8B0F-F8FA3A13E8F1> /System/Library/PrivateFrameworks/ConfigProfileHelper.framework/Versions/A/ConfigProfileHelper
dyld[11615]: <8F2949A6-43A0-30A2-B5D2-945949C5AA01> /System/Library/PrivateFrameworks/Espresso.framework/Versions/A/Espresso
dyld[11615]: <E5B29092-BC9F-39CD-8F75-F2992B1E1D7A> /System/Library/Frameworks/CoreML.framework/Versions/A/CoreML
dyld[11615]: <F04DD2EA-54F4-3A23-8A3B-7496E5B119F8> /usr/lib/libedit.3.dylib
dyld[11615]: <465A74BC-F20D-3C05-9441-7E08EAA49FAF> /System/Library/PrivateFrameworks/ANECompiler.framework/Versions/A/ANECompiler
dyld[11615]: <FD36C9CF-78FF-3841-A7A0-261BE42F3FC0> /System/Library/PrivateFrameworks/AppleNeuralEngine.framework/Versions/A/AppleNeuralEngine
dyld[11615]: <97C5C585-F5EE-323A-B949-69EAE9080871> /System/Library/PrivateFrameworks/MIL.framework/Versions/A/MIL
dyld[11615]: <7401E849-7B2E-39A9-99D3-5CB0A6BBDFFE> /System/Library/Frameworks/MetalPerformanceShadersGraph.framework/Versions/A/MetalPerformanceShadersGraph
dyld[11615]: <A5FDE0C1-0910-3899-A737-E4632BA75E80> /System/Library/PrivateFrameworks/MLCompilerServices.framework/Versions/A/MLCompilerServices
dyld[11615]: <A6EB8ED9-D3A8-3BE9-A09C-A5194D3DFBD2> /System/Library/PrivateFrameworks/ANEServices.framework/Versions/A/ANEServices
dyld[11615]: <9EB04E94-EE2D-38A5-A214-00AF73DBE4E9> /usr/lib/libncurses.5.4.dylib
dyld[11615]: <CB15E3BE-AEA6-343F-A8ED-B251AFF556E7> /usr/lib/libsandbox.1.dylib
dyld[11615]: <2F2EF0D7-2FE4-3A5A-8E4C-E1571C8D0C10> /usr/lib/libMatch.1.dylib
dyld[11615]: <B3719F0A-4637-3943-A796-2ED6F5AC0C08> /System/Library/PrivateFrameworks/ODIE.framework/Versions/A/ODIE
dyld[11615]: <A84CB10A-72FA-399B-B86D-9B5ED12CEB39> /System/Library/PrivateFrameworks/MLModelAsset.framework/Versions/A/MLModelAsset
dyld[11615]: <22B4CD07-5C72-3CA4-9CD1-2C87686CDDE5> /System/Library/PrivateFrameworks/MLCompilerRuntime.framework/Versions/A/MLCompilerRuntime
dyld[11615]: <E118164B-A0A2-3001-9E0A-36B2BB5FE6F2> /System/Library/Frameworks/MLCompute.framework/Versions/A/MLCompute
dyld[11615]: <6028DD46-8E5A-33F0-93B2-41FA480366CC> /System/Library/PrivateFrameworks/MLAssetIO.framework/Versions/A/MLAssetIO
dyld[11615]: <F0F78040-E52B-3D87-8DC0-10C14F153D31> /usr/lib/swift/libswiftMLCompute.dylib
dyld[11615]: <067E2603-4FEA-3CA5-8926-45F60681EDDB> /System/Library/PrivateFrameworks/AVFCore.framework/Versions/A/AVFCore
dyld[11615]: <CC5A573E-8A8C-399F-B3DB-370DBF3C9C76> /System/Library/PrivateFrameworks/AVFCapture.framework/Versions/A/AVFCapture
dyld[11615]: <3B782AC2-00C4-3534-91D2-5C7242B32440> /System/Library/PrivateFrameworks/CMImaging.framework/Versions/A/CMImaging
dyld[11615]: <1772C40D-6EF4-3F81-BA00-6EE8B05039A6> /System/Library/PrivateFrameworks/Quagga.framework/Versions/A/Quagga
dyld[11615]: <57A10B70-C3C9-34C6-8D22-F5118B63E2F0> /System/Library/PrivateFrameworks/CMCapture.framework/Versions/A/CMCapture
dyld[11615]: <1035C1AB-5058-3AFA-8D77-514901516251> /System/Library/Frameworks/CoreMediaIO.framework/Versions/A/CoreMediaIO
dyld[11615]: <CD0C6EA1-5AEF-3EB1-8935-45726B3AFACD> /System/Library/PrivateFrameworks/CMCaptureDevice.framework/Versions/A/CMCaptureDevice
dyld[11615]: <1F873909-B3B8-3D55-9673-9AFA86BB085B> /System/Library/PrivateFrameworks/CoreBrightness.framework/Versions/A/CoreBrightness
dyld[11615]: <FCEDE250-22B0-35B9-A5F4-87AA67D568FF> /System/Library/PrivateFrameworks/CinematicFraming.framework/Versions/A/CinematicFraming
dyld[11615]: <882BC08E-B1E1-3E52-AE8A-AC22A1BF2BE8> /System/Library/PrivateFrameworks/ModelManagerServices.framework/Versions/A/ModelManagerServices
dyld[11615]: <3E83115F-D04B-3C8D-8646-35204AA2DB84> /System/Library/PrivateFrameworks/CPMS.framework/Versions/A/CPMS
dyld[11615]: <B3896AF4-2356-37C4-9273-FE994065C56B> /System/Library/PrivateFrameworks/SystemStatus.framework/Versions/A/SystemStatus
dyld[11615]: <2E109991-45C6-3783-8A36-B6A8070AAD67> /System/Library/Frameworks/CoreMotion.framework/Versions/A/CoreMotion
dyld[11615]: <EB86789A-20AD-3BF8-9101-B8C97A3BB9FC> /System/Library/PrivateFrameworks/TimeSync.framework/Versions/A/TimeSync
dyld[11615]: <9B3D4CA3-7BCF-36C9-AA99-27BDFE7854CD> /System/Library/PrivateFrameworks/DistributedSensing.framework/Versions/A/DistributedSensing
dyld[11615]: <DCA62E59-D3A2-30FF-802E-A4BC6AAF8C52> /System/Library/PrivateFrameworks/MobileBluetooth.framework/Versions/A/MobileBluetooth
dyld[11615]: <0BAB3589-8D81-3C60-9F05-9D207E89F4B6> /System/Library/PrivateFrameworks/IOKitten.framework/Versions/A/IOKitten
dyld[11615]: <05EC9C98-7211-39C9-B376-796F37327801> /System/Library/PrivateFrameworks/AppleIntelligenceReporting.framework/Versions/A/AppleIntelligenceReporting
dyld[11615]: <47AAECAD-C28C-352E-BB86-7F292E0BFBC6> /System/Library/PrivateFrameworks/CoreEmoji.framework/Versions/A/CoreEmoji
dyld[11615]: <1CA9048E-57DD-30F4-A3E6-FE6E97D5BF82> /usr/lib/libCRFSuite.dylib
dyld[11615]: <327536E3-A27C-38C2-A67F-D6488D04CCEE> /System/Library/PrivateFrameworks/LanguageModeling.framework/Versions/A/LanguageModeling
dyld[11615]: <B75F1F25-3C33-3983-B546-71588C610ED5> /System/Library/PrivateFrameworks/CoreNLP.framework/Versions/A/CoreNLP
dyld[11615]: <95BA357E-906A-3183-A402-A41D486B5AB3> /System/Library/PrivateFrameworks/Montreal.framework/Versions/A/Montreal
dyld[11615]: <A9892C55-670F-3429-934B-DDE91E07976D> /usr/lib/libcmph.dylib
dyld[11615]: <C02D85F6-947A-3B3E-8AE9-7BC8D0F35204> /usr/lib/libmecab.dylib
dyld[11615]: <92FAD15C-EEA5-34E9-B309-75A1CD1B620B> /usr/lib/libThaiTokenizer.dylib
dyld[11615]: <B9593227-D796-3C21-B9B4-374C3D1CFC2F> /System/Library/PrivateFrameworks/GenerativeModelsFoundation.framework/Versions/A/GenerativeModelsFoundation
dyld[11615]: <F3D31D3F-74F8-30A6-B49D-1DC743ED35C5> /System/Library/PrivateFrameworks/TokenGeneration.framework/Versions/A/TokenGeneration
dyld[11615]: <418985BB-52A3-34D4-8379-40DC4C63AA32> /System/Library/PrivateFrameworks/GenerativeFunctions.framework/Versions/A/GenerativeFunctions
dyld[11615]: <63FD423F-836C-3034-BA48-100AE09A9140> /System/Library/PrivateFrameworks/GenerativeFunctionsFoundation.framework/Versions/A/GenerativeFunctionsFoundation
dyld[11615]: <EABC58EE-BC80-3886-A456-5028411AE472> /System/Library/PrivateFrameworks/ModelCatalog.framework/Versions/A/ModelCatalog
dyld[11615]: <67C3B698-8279-30F1-9167-4730E6F41F5A> /System/Library/PrivateFrameworks/SensitiveContentAnalysisML.framework/Versions/A/SensitiveContentAnalysisML
dyld[11615]: <D8D56A51-034C-3D0D-9651-3BCF46DC82B7> /System/Library/PrivateFrameworks/GenerativeFunctionsInstrumentation.framework/Versions/A/GenerativeFunctionsInstrumentation
dyld[11615]: <DC6D188E-6FF7-3111-984E-85C8FDBEEF9C> /System/Library/PrivateFrameworks/PromptKit.framework/Versions/A/PromptKit
dyld[11615]: <12245228-2B9A-3B24-8C5E-10111D68BE65> /System/Library/PrivateFrameworks/ProactiveDaemonSupport.framework/Versions/A/ProactiveDaemonSupport
dyld[11615]: <3166486F-3F65-31DB-8018-779FFA32DC71> /System/Library/PrivateFrameworks/TokenGenerationCore.framework/Versions/A/TokenGenerationCore
dyld[11615]: <53B3126E-7B01-30DD-961A-510E9CFC3CF1> /System/Library/PrivateFrameworks/Trial.framework/Versions/A/Trial
dyld[11615]: <AEC3C71D-DC18-3279-ADFF-76EE82504B5F> /System/Library/PrivateFrameworks/TrialProto.framework/Versions/A/TrialProto
dyld[11615]: <E936F50F-0833-3F01-95DC-D4A94F470727> /System/Library/PrivateFrameworks/AppleFlatBuffers.framework/Versions/A/AppleFlatBuffers
dyld[11615]: <642E3357-AB6D-3039-A818-EDB5D6A189C2> /System/Library/PrivateFrameworks/SentencePieceInternal.framework/Versions/A/SentencePieceInternal
dyld[11615]: <10F83439-3A9F-316B-992E-451A72876715> /System/Library/Frameworks/Vision.framework/Versions/A/Vision
dyld[11615]: <C60B3FA0-2804-3339-B16D-E41B33FE25CC> /System/Library/PrivateFrameworks/CoreSceneUnderstanding.framework/Versions/A/CoreSceneUnderstanding
dyld[11615]: <4E70B4ED-C8E0-3636-80E4-0939FE56BB63> /System/Library/PrivateFrameworks/VisionCore.framework/Versions/A/VisionCore
dyld[11615]: <C540CDD1-CE60-3EC9-998B-20E0A21A52A6> /System/Library/PrivateFrameworks/DataDetectorsCore.framework/Versions/A/DataDetectorsCore
dyld[11615]: <B2639747-7640-3F66-8F79-88B1D5F2D73E> /System/Library/Frameworks/Vision.framework/libfaceCore.dylib
dyld[11615]: <EB12CF22-B952-3DB7-8A2E-7E702969D1F6> /System/Library/PrivateFrameworks/Futhark.framework/Versions/A/Futhark
dyld[11615]: <DB1FBDD7-AF19-31FC-BAB2-3BA5C4534436> /System/Library/PrivateFrameworks/InertiaCam.framework/Versions/A/InertiaCam
dyld[11615]: <CFD587AE-FA26-3FFB-A13A-FE831357A6F8> /System/Library/PrivateFrameworks/TextRecognition.framework/Versions/A/TextRecognition
dyld[11615]: <73F6F860-69AF-3162-86E0-A683642287D6> /System/Library/Frameworks/DataDetection.framework/Versions/A/DataDetection
dyld[11615]: <1D5DF9CA-41FC-3B7B-B19F-2C435F3A66F2> /System/Library/PrivateFrameworks/TextInput.framework/Versions/A/TextInput
dyld[11615]: <A8951A2F-E828-3264-A133-B25B21C0ABE8> /System/Library/PrivateFrameworks/CVNLP.framework/Versions/A/CVNLP
dyld[11615]: <58AC6CAB-5B91-367F-932F-BD0939BBD125> /System/Library/PrivateFrameworks/IntentsFoundation.framework/Versions/A/IntentsFoundation
dyld[11615]: <0368EA7D-01B2-3AA9-A6D6-A2A0850AC800> /System/Library/PrivateFrameworks/HIDDisplay.framework/Versions/A/HIDDisplay
dyld[11615]: <6A5A8E21-A9E6-32A2-9BDB-8013F002AEF8> /usr/lib/libcups.2.dylib
dyld[11615]: <D4CB91E4-2ACB-332D-8FA0-8154F7B48D20> /System/Library/Frameworks/Kerberos.framework/Versions/A/Kerberos
dyld[11615]: <4AB71911-9300-30D4-88CF-D20EFD75ACE6> /usr/lib/libresolv.9.dylib
dyld[11615]: <B1BA9495-0199-3630-8C92-45D4E5EE944F> /System/Library/PrivateFrameworks/Heimdal.framework/Versions/A/Heimdal
dyld[11615]: <0CB2E7E3-E96F-343B-A4E7-545E74AF0255> /System/Library/Frameworks/Kerberos.framework/Versions/A/Libraries/libHeimdalProxy.dylib
dyld[11615]: <097F7235-CA53-3644-BB95-F6F912B4F2C7> /System/Library/PrivateFrameworks/CommonAuth.framework/Versions/A/CommonAuth
dyld[11615]: <B0A62AD1-78DA-3A6F-A23A-BE1DC54C19F8> /System/Library/PrivateFrameworks/AXCoreUtilities.framework/Versions/A/AXCoreUtilities
dyld[11615]: <DDC826E2-4B0E-35CA-AAB1-82A1DC9EA6B4> /System/Library/PrivateFrameworks/AttributeGraph.framework/Versions/A/AttributeGraph
dyld[11615]: <AED06031-78CB-39A6-B50E-A229BB163B16> /usr/lib/libAXSafeCategoryBundle.dylib
dyld[11615]: <F12008DC-72EB-3AB3-BC2E-5BC47ED81BDB> /System/Library/Frameworks/TabularData.framework/Versions/A/TabularData
dyld[11615]: <841D5662-2CB9-3A27-ADA7-E33AC5E45199> /System/Library/PrivateFrameworks/ArgumentParserInternal.framework/Versions/A/ArgumentParserInternal
dyld[11615]: <4C851329-A9F4-3E9E-9E48-07FF4120DCF9> /System/Library/Frameworks/Accelerate.framework/Versions/A/Frameworks/vecLib.framework/Versions/A/libvDSP.dylib
dyld[11615]: <5015CD96-C046-364D-AAE3-1F439044468B> /System/Library/Frameworks/Accelerate.framework/Versions/A/Frameworks/vecLib.framework/Versions/A/libLAPACK.dylib
dyld[11615]: <407BCF3E-A91F-3A7F-8B8C-DBB8E807990F> /System/Library/Frameworks/Accelerate.framework/Versions/A/Frameworks/vecLib.framework/Versions/A/libLinearAlgebra.dylib
dyld[11615]: <669ABE12-838F-3F14-8456-D60DE5DF8EB8> /System/Library/Frameworks/Accelerate.framework/Versions/A/Frameworks/vecLib.framework/Versions/A/libSparseBLAS.dylib
dyld[11615]: <C99B83FD-C865-36F7-B4D2-34018D34AF5D> /System/Library/Frameworks/Accelerate.framework/Versions/A/Frameworks/vecLib.framework/Versions/A/libQuadrature.dylib
dyld[11615]: <54A103BA-7D04-32DB-B204-179E2E0290CA> /System/Library/Frameworks/Accelerate.framework/Versions/A/Frameworks/vecLib.framework/Versions/A/libBNNS.dylib
dyld[11615]: <EBF55041-4C12-323B-BD40-51A0E57C0AE1> /System/Library/Frameworks/Accelerate.framework/Versions/A/Frameworks/vecLib.framework/Versions/A/libSparse.dylib
dyld[11615]: <27479D70-8BF6-3D3C-B528-1BB9B1B98391> /System/Library/PrivateFrameworks/ApplePushService.framework/Versions/A/ApplePushService
dyld[11615]: <676D50CC-8455-3267-B8E8-CA31B8EF8F91> /System/Library/Frameworks/CloudKit.framework/Versions/A/CloudKit
dyld[11615]: <B4C51ABF-9446-3B30-AB6D-3DD54126047E> /System/Library/PrivateFrameworks/CoreDuetDaemonProtocol.framework/Versions/A/CoreDuetDaemonProtocol
dyld[11615]: <962EA390-008E-3DDC-B2A5-7B2DAF6E8786> /System/Library/PrivateFrameworks/DeviceIdentity.framework/Versions/A/DeviceIdentity
dyld[11615]: <ECE4CCC0-8D35-346C-85C2-91E225504B26> /System/Library/Frameworks/SharedWithYouCore.framework/Versions/A/SharedWithYouCore
dyld[11615]: <121798D0-5254-3547-8F96-0F2AF8D84250> /System/Library/PrivateFrameworks/CloudTelemetry.framework/Versions/A/CloudTelemetry
dyld[11615]: <768DFB9E-7FB3-3998-A3AF-BEF0C6C740A7> /System/Library/PrivateFrameworks/AppleAccount.framework/Versions/A/AppleAccount
dyld[11615]: <A0E3C8BF-139D-33BC-8F2E-7D2057EF30AA> /System/Library/PrivateFrameworks/C2.framework/Versions/A/C2
dyld[11615]: <23871A43-55FD-3D0C-B29F-B143A64D1D8D> /System/Library/PrivateFrameworks/CloudCoreInternal.framework/Versions/A/CloudCoreInternal
dyld[11615]: <B17F92E7-6017-3EC8-8B15-5F38CDFF9323> /System/Library/PrivateFrameworks/CloudAsset.framework/Versions/A/CloudAsset
dyld[11615]: <36607924-B1B2-39ED-B6D1-29683EFB67A0> /System/Library/Frameworks/PushKit.framework/Versions/A/PushKit
dyld[11615]: <26865685-385E-3120-9886-2082EEC20B20> /System/Library/Frameworks/CoreTransferable.framework/Versions/A/CoreTransferable
dyld[11615]: <024DBF34-DF66-3164-825E-F77F85462E66> /System/Library/PrivateFrameworks/NetAuth.framework/Versions/A/NetAuth
dyld[11615]: <87907862-52FF-3F24-AC29-7C1678BCD277> /System/Library/PrivateFrameworks/login.framework/Versions/A/Frameworks/loginsupport.framework/Versions/A/loginsupport
dyld[11615]: <C1165EDC-58D6-329E-A873-E272A83B5FD3> /System/Library/PrivateFrameworks/CloudTelemetryTools.framework/Versions/A/CloudTelemetryTools
dyld[11615]: <D4E833CF-2C73-39D9-BA75-8CAE484DF053> /System/Library/PrivateFrameworks/CloudTelemetryShared.dylib
dyld[11615]: <7BEBC9F1-212D-37F4-B601-A7AAD12F7225> /System/Library/PrivateFrameworks/RTCReporting.framework/Versions/A/RTCReporting
dyld[11615]: <7A222E30-8DD4-3B1D-B820-4EA33B797525> /System/Library/PrivateFrameworks/AAAFoundationSwift.framework/Versions/A/AAAFoundationSwift
dyld[11615]: <9D724BE7-0B01-39F3-82BE-BCEDC6EBAC8A> /System/Library/PrivateFrameworks/AppleIDSSOAuthentication.framework/Versions/A/AppleIDSSOAuthentication
dyld[11615]: <659AFBBD-E22E-3474-BCFE-298DA57B1464> /System/Library/PrivateFrameworks/UIFoundation.framework/Versions/A/UIFoundation
dyld[11615]: <5B73C216-2ACE-3F8C-A2B3-7D35D5D0395A> /System/Library/PrivateFrameworks/CaptiveNetwork.framework/Versions/A/CaptiveNetwork
dyld[11615]: <B5BDFB31-F401-36C9-B831-3B6143A3D864> /System/Library/PrivateFrameworks/EAP8021X.framework/Versions/A/EAP8021X
dyld[11615]: <38DAF669-429F-384F-87D6-8550842EEB5E> /System/Library/PrivateFrameworks/CryptoKitPrivate.framework/Versions/A/CryptoKitPrivate
dyld[11615]: <627D64D5-2D3C-3EC6-B4AB-FEF4DEE40871> /System/Library/PrivateFrameworks/FindMyDevice.framework/Versions/A/FindMyDevice
dyld[11615]: <930F9F83-A947-3788-9FBA-49872FC3AF8D> /System/Library/PrivateFrameworks/FMCoreLite.framework/Versions/A/FMCoreLite
dyld[11615]: <5F356BA6-47B5-382B-B54A-1550BB138A62> /System/Library/Frameworks/ServiceManagement.framework/Versions/A/ServiceManagement
dyld[11615]: <6508C698-D587-3B5A-B95B-A3A3F78CE122> /usr/lib/libCheckFix.dylib
dyld[11615]: <29AA0F7F-26F4-35B3-96DF-8A67B00A58AB> /System/Library/PrivateFrameworks/MetadataUtilities.framework/Versions/A/MetadataUtilities
dyld[11615]: <1ACDAA8A-EB43-37C7-B661-39B1C0E05290> /System/Library/PrivateFrameworks/InstalledContentLibrary.framework/Versions/A/InstalledContentLibrary
dyld[11615]: <12479A32-B72F-3A09-BB03-BA56C37853B5> /System/Library/PrivateFrameworks/CoreServicesStore.framework/Versions/A/CoreServicesStore
dyld[11615]: <E992D070-4D50-3292-855F-1B0055739F5E> /usr/lib/libapp_launch_measurement.dylib
dyld[11615]: <4F3BEA3B-A363-3D04-B903-9B613C993CA1> /System/Library/PrivateFrameworks/MobileSystemServices.framework/Versions/A/MobileSystemServices
dyld[11615]: <6C426EA5-7F1E-333E-BB5D-74465EFED12B> /usr/lib/libxslt.1.dylib
dyld[11615]: <2E99AD96-DC1C-3643-9988-273AB6844EFC> /usr/lib/libcurl.4.dylib
dyld[11615]: <46D13DA8-E7BD-37DC-91DD-D5E6CE00C2B8> /usr/lib/libcrypto.46.dylib
dyld[11615]: <07D5F4C6-1A13-344C-882B-0B0A08048DE5> /usr/lib/libssl.48.dylib
dyld[11615]: <8CABDD64-E6C6-3B77-B839-2E2B875CE0FE> /System/Library/Frameworks/LDAP.framework/Versions/A/LDAP
dyld[11615]: <96C0BAAA-7FE6-3277-AFBC-31926F5935EE> /System/Library/PrivateFrameworks/TrustEvaluationAgent.framework/Versions/A/TrustEvaluationAgent
dyld[11615]: <7CF2A32E-72DD-34F7-B179-A17ED3D7DD75> /usr/lib/libsasl2.2.dylib
dyld[11615]: <B6B4BDAD-6428-3E64-8747-275700109B46> /System/Library/Frameworks/AppKit.framework/Versions/C/AppKit
dyld[11615]: <4840B78C-D96B-35B9-85C7-E5889C44A7C4> /System/Library/PrivateFrameworks/CollectionViewCore.framework/Versions/A/CollectionViewCore
dyld[11615]: <E0CFA0C8-A13D-369D-91E9-4A675C5DB5FD> /System/Library/PrivateFrameworks/XCTTargetBootstrap.framework/Versions/A/XCTTargetBootstrap
dyld[11615]: <0D6F3043-5372-3B15-96BC-6F45AD86F410> /System/Library/PrivateFrameworks/UserActivity.framework/Versions/A/UserActivity
dyld[11615]: <7CDC68D4-0845-3053-AB80-C5A1F354060F> /System/Library/PrivateFrameworks/FrontBoard.framework/Versions/A/FrontBoard
dyld[11615]: <E4480FEE-65A7-39DF-ACA1-09E7AC6054E9> /System/Library/PrivateFrameworks/UIIntelligenceSupport.framework/Versions/A/UIIntelligenceSupport
dyld[11615]: <9EB0840F-B045-3529-9467-1470A3C6CA02> /System/Library/Frameworks/SwiftUICore.framework/Versions/A/SwiftUICore
dyld[11615]: <84FB5635-42EE-3BB5-B7CD-8A354AD7DB0A> /System/Library/PrivateFrameworks/WritingTools.framework/Versions/A/WritingTools
dyld[11615]: <6ECD36F7-0A2E-3631-A57F-FD0152173454> /System/Library/PrivateFrameworks/WindowManagement.framework/Versions/A/WindowManagement
dyld[11615]: <CACC89FE-B88C-3419-A1C3-42C61D0C3DF3> /System/Library/PrivateFrameworks/FocusEngine.framework/Versions/A/FocusEngine
dyld[11615]: <2BC041DF-695A-32EE-B164-1C35C2AFFC53> /System/Library/PrivateFrameworks/DesignLibrary.framework/Versions/A/DesignLibrary
dyld[11615]: <A871FDA3-D5BA-31E0-BD8C-E4A83F5E2B62> /System/Library/PrivateFrameworks/DFRFoundation.framework/Versions/A/DFRFoundation
dyld[11615]: <365E81B9-B9BA-3F4F-83FD-86A35CFBC8AC> /System/Library/PrivateFrameworks/UpdateCycle.framework/Versions/A/UpdateCycle
dyld[11615]: <38408482-CE3B-359E-9465-7FEB4BB79B54> /System/Library/Frameworks/Carbon.framework/Versions/A/Frameworks/HIToolbox.framework/Versions/A/HIToolbox
dyld[11615]: <B4C49C28-105D-3260-8229-916D9FB0A584> /System/Library/Frameworks/Carbon.framework/Versions/A/Frameworks/SpeechRecognition.framework/Versions/A/SpeechRecognition
dyld[11615]: <74C54353-A613-35A2-857A-737BB48906F9> /System/Library/PrivateFrameworks/PerformanceAnalysis.framework/Versions/A/PerformanceAnalysis
dyld[11615]: <22008BA9-C61B-3FAD-A1A0-F6A1CD220343> /System/Library/Frameworks/Accessibility.framework/Versions/A/Accessibility
dyld[11615]: <028E944B-66C4-39E2-A436-FB93FB6CED4E> /System/Library/Frameworks/Symbols.framework/Versions/A/Symbols
dyld[11615]: <BD114F61-BB5F-3E43-AA0D-674DF9E0BA17> /System/Library/PrivateFrameworks/Gestures.framework/Versions/A/Gestures
dyld[11615]: <713AEF7A-43B6-3735-8AB5-361F5EE06BBA> /usr/lib/swift/libswiftSpatial.dylib
dyld[11615]: <DD6D3B10-645E-312D-84E9-A24EEDFCFA42> /usr/lib/swift/libswiftCoreGraphics.dylib
dyld[11615]: <14A11A94-6A52-3D24-9267-42EDAEEC5FDD> /usr/lib/swift/libswiftFoundation.dylib
dyld[11615]: <76A7FE10-AD26-3505-A8CC-D37AC1C24D32> /usr/lib/swift/libswiftSwiftOnoneSupport.dylib
dyld[11615]: <4B5C0268-23EB-3E20-8F57-CDECFB6E3205> /usr/lib/swift/libswiftsys_time.dylib
dyld[11615]: <C315F3B3-6DD7-3A29-8354-87027018A8DA> /System/Library/PrivateFrameworks/CoreMaterial.framework/Versions/A/CoreMaterial
dyld[11615]: <68B7C15F-537C-3FEF-838B-DC548772A45F> /usr/lib/libSpatial.dylib
dyld[11615]: <183FD4D6-D766-34FC-B8E1-7C4D17435AC3> /System/Library/SubFrameworks/UIUtilities.framework/Versions/A/UIUtilities
dyld[11615]: <6B758126-8EF2-373D-9640-7712A3852DC5> /System/Library/Frameworks/MapKit.framework/Versions/A/MapKit
dyld[11615]: <629F6765-51B0-3BB0-9C84-BE1A5166603A> /System/Library/PrivateFrameworks/ViewBridge.framework/Versions/A/ViewBridge
dyld[11615]: <43141163-B086-36F4-8D0C-E75F78447586> /System/Library/Frameworks/ExtensionKit.framework/Versions/A/ExtensionKit
dyld[11615]: <15523A10-C296-3D1C-BB5B-4A1E4649482B> /System/Library/PrivateFrameworks/GeoAnalytics.framework/Versions/A/GeoAnalytics
dyld[11615]: <D89498B3-0995-322A-BB57-D8B43FD3BC58> /System/Library/PrivateFrameworks/SearchFoundation.framework/Versions/A/SearchFoundation
dyld[11615]: <69DE77F0-33BB-349D-8C57-E25F82F416BD> /System/Library/PrivateFrameworks/Navigation.framework/Versions/A/Navigation
dyld[11615]: <8FB53D0C-6447-3B78-9C48-18A26106A406> /System/Library/Frameworks/Contacts.framework/Versions/A/Contacts
dyld[11615]: <868C6770-4AE0-3399-B3AA-072B3998EB32> /System/Library/PrivateFrameworks/VectorKit.framework/Versions/A/VectorKit
dyld[11615]: <AB9A4279-F590-352F-B202-7158F4C56076> /System/Library/Frameworks/Cocoa.framework/Versions/A/Cocoa
dyld[11615]: <38897E05-F0CD-3390-A132-3C0AC8C9C3E7> /System/Library/Frameworks/FSKit.framework/Versions/A/FSKit
dyld[11615]: <53E79875-60E4-3B8D-BA48-02F6A4CBC429> /System/Library/Frameworks/SwiftUI.framework/Versions/A/SwiftUI
dyld[11615]: <2191D369-5F2B-3522-9547-3425ECF45ECD> /System/Library/PrivateFrameworks/TextAnimationSupport.framework/Versions/A/TextAnimationSupport
dyld[11615]: <02803CCF-F7B9-3FC3-AA8A-C55B14F60540> /System/Library/PrivateFrameworks/RecapPerformanceTesting.framework/Versions/A/RecapPerformanceTesting
dyld[11615]: <6B2EFD01-ACAC-394A-8225-4255D9708B88> /System/Library/PrivateFrameworks/SignpostCollection.framework/Versions/A/SignpostCollection
dyld[11615]: <F72F13D8-5867-368A-A3CF-5A7A202622E7> /System/Library/PrivateFrameworks/VirtualGarage.framework/Versions/A/VirtualGarage
dyld[11615]: <ADAE4AC0-853A-3807-B494-55C451A6F464> /System/Library/PrivateFrameworks/IntentsCore.framework/Versions/A/IntentsCore
dyld[11615]: <E1ECB67F-B0F7-3CBC-97D7-A691DAD7A70D> /System/Library/Frameworks/ExternalAccessory.framework/ExternalAccessory
dyld[11615]: <75A56CF3-5436-3553-8399-2D90E94A2158> /System/Library/PrivateFrameworks/IAP.framework/Versions/A/IAP
dyld[11615]: <D7050328-150E-3E59-8B70-4167E3062B17> /System/Library/PrivateFrameworks/ContactsPersistence.framework/Versions/A/ContactsPersistence
dyld[11615]: <C6584A8B-46CC-3C4C-A401-25C78275D922> /System/Library/PrivateFrameworks/AppleLDAP.framework/Versions/A/AppleLDAP
dyld[11615]: <54035623-2246-32BA-8403-E545EF89C75D> /System/Library/Frameworks/ClassKit.framework/Versions/A/ClassKit
dyld[11615]: <53DD94CB-C1E1-3C0C-ADA0-D05CCAB69A15> /System/Library/PrivateFrameworks/CoreSuggestions.framework/Versions/A/CoreSuggestions
dyld[11615]: <47527863-5326-3420-96AD-2C96B5C25504> /System/Library/PrivateFrameworks/ContactsFoundation.framework/Versions/A/ContactsFoundation
dyld[11615]: <A9DFEF8D-78C6-3BCF-9427-AFF2EE9868DB> /System/Library/PrivateFrameworks/vCard.framework/Versions/A/vCard
dyld[11615]: <7D76A387-25C0-3B05-9B02-D39692237982> /System/Library/PrivateFrameworks/ContactsMetrics.framework/Versions/A/ContactsMetrics
dyld[11615]: <1A57F98C-8E7D-3F75-9CF1-748B00B949E5> /System/Library/PrivateFrameworks/login.framework/Versions/A/login
dyld[11615]: <7EB4BA69-82EB-3FBE-8E3F-3522040843A0> /System/Library/PrivateFrameworks/ManagedOrganizationContacts.framework/Versions/A/ManagedOrganizationContacts
dyld[11615]: <60516B57-C7CC-3FCE-ACB5-9E79189D4DE2> /System/Library/PrivateFrameworks/CloudDocs.framework/Versions/A/CloudDocs
dyld[11615]: <BC9B6D58-21EC-3057-BAE7-7A1E65F7955F> /System/Library/Frameworks/CoreSpotlight.framework/Versions/A/CoreSpotlight
dyld[11615]: <C8A0CCAB-B7C8-380F-AD5D-C9DB887B0F9B> /System/Library/PrivateFrameworks/ProactiveEventTracker.framework/Versions/A/ProactiveEventTracker
dyld[11615]: <294D21AC-0596-3B33-8AD2-AA818BD6CCF8> /System/Library/PrivateFrameworks/IOPlatformPluginFamily.framework/Versions/A/IOPlatformPluginFamily
dyld[11615]: <1F8DFB9A-407D-3703-A48D-14FC22300AE7> /System/Library/Frameworks/PhotosUI.framework/Versions/A/PhotosUI
dyld[11615]: <E1E61FBC-DD5E-301D-87C5-17222CDAC140> /System/Library/PrivateFrameworks/PhotoFoundation.framework/Versions/A/PhotoFoundation
dyld[11615]: <C3B19293-8E6B-36F4-B76B-B4FF05A79520> /System/Library/PrivateFrameworks/PhotoLibraryServices.framework/Versions/A/PhotoLibraryServices
dyld[11615]: <5FC4D42C-E147-3437-A2F1-B79653D08FF4> /System/Library/PrivateFrameworks/PhotoLibraryServicesCore.framework/Versions/A/PhotoLibraryServicesCore
dyld[11615]: <C0B70412-992F-389A-AB2F-9ED3994097B6> /System/Library/Frameworks/Photos.framework/Versions/A/Photos
dyld[11615]: <1FCA1F6B-1343-3E5C-ABE9-6378C2459BAA> /System/Library/PrivateFrameworks/PhotosFormats.framework/Versions/A/PhotosFormats
dyld[11615]: <50522F42-1E92-349E-BC63-2390C827532E> /System/Library/PrivateFrameworks/PhotosPlayer.framework/Versions/A/PhotosPlayer
dyld[11615]: <94873DCF-AF21-3A27-94E6-E81186D83A76> /usr/lib/swift/libswiftMapKit.dylib
dyld[11615]: <C0D5EC01-1542-3859-8938-4CDD3FED39BA> /System/Library/PrivateFrameworks/CloudPhotoLibrary.framework/Versions/A/CloudPhotoLibrary
dyld[11615]: <E9F6937D-08D4-3E24-A41C-1E3C722AD5F5> /System/Library/PrivateFrameworks/CloudPhotoServices.framework/Versions/A/CloudPhotoServices
dyld[11615]: <3EA39366-5578-3B88-BD8A-7992791B5943> /System/Library/PrivateFrameworks/CommunicationsFilter.framework/Versions/A/CommunicationsFilter
dyld[11615]: <7D80D948-D67E-3437-861E-F9D152CFEE08> /System/Library/PrivateFrameworks/CoreMediaStream.framework/Versions/A/CoreMediaStream
dyld[11615]: <C28F0D1F-1E25-3D84-9FEE-E793A9401454> /System/Library/PrivateFrameworks/MediaConversionService.framework/Versions/A/MediaConversionService
dyld[11615]: <FBCDB87E-551C-3251-AB26-B76FF9F182DC> /System/Library/PrivateFrameworks/MediaStream.framework/Versions/A/MediaStream
dyld[11615]: <0E5D140D-D983-378C-B773-7E1A5B10E8B4> /System/Library/PrivateFrameworks/NeutrinoCore.framework/Versions/A/NeutrinoCore
dyld[11615]: <F532F0AF-4F7A-398C-87BF-2DC3A6909D3D> /System/Library/PrivateFrameworks/NLP.framework/Versions/A/NLP
dyld[11615]: <9B16C55F-F2D4-3F1F-9209-EA30969FDB82> /System/Library/PrivateFrameworks/PhotoImaging.framework/Versions/A/PhotoImaging
dyld[11615]: <49A95606-3391-316C-830E-C3F9093CC626> /System/Library/PrivateFrameworks/PhotosImagingFoundation.framework/Versions/A/PhotosImagingFoundation
dyld[11615]: <F82016CB-5C21-3439-9B88-3A9315A44938> /System/Library/PrivateFrameworks/PhotosIntelligenceCore.framework/Versions/A/PhotosIntelligenceCore
dyld[11615]: <A03DD8A0-4F52-368C-8D91-11F37FA6EC22> /System/Library/PrivateFrameworks/ToneLibrary.framework/Versions/A/ToneLibrary
dyld[11615]: <4EFB942C-3DCA-345F-9307-5492E0025F3E> /System/Library/PrivateFrameworks/MMCS.framework/Versions/A/MMCS
dyld[11615]: <E1E32CF1-EFD0-3D47-9B70-455FBCD03191> /System/Library/PrivateFrameworks/ChunkingLibrary.framework/Versions/A/ChunkingLibrary
dyld[11615]: <89B0B17D-AE25-39FA-B9B7-D74C3341722D> /System/Library/PrivateFrameworks/AssetCacheServices.framework/Versions/A/AssetCacheServices
dyld[11615]: <D5596758-6E9F-3C32-A8B0-D5CAB3EF94B8> /System/Library/PrivateFrameworks/AVFoundationCF.framework/Versions/A/AVFoundationCF
dyld[11615]: <BF29D851-F79D-3866-AA68-AF81EE9826A8> /System/Library/PrivateFrameworks/EmbeddedAcousticRecognition.framework/Versions/A/EmbeddedAcousticRecognition
dyld[11615]: <7D83C940-4672-316C-AFC6-8224586D3136> /System/Library/PrivateFrameworks/EmojiFoundation.framework/Versions/A/EmojiFoundation
dyld[11615]: <127400C7-2565-3B79-A180-7D7FB1C4E4F6> /System/Library/PrivateFrameworks/VectorSearch.framework/Versions/A/VectorSearch
dyld[11615]: <28614429-C9A4-390D-988D-FE6EFD5A9E72> /System/Library/PrivateFrameworks/SDAPI.framework/Versions/A/SDAPI
dyld[11615]: <D67EF216-FCD7-3B06-9B9F-2716BE2ACD36> /System/Library/PrivateFrameworks/IsolatedContextLogging.framework/Versions/A/IsolatedContextLogging
dyld[11615]: <354B4195-65BF-3612-A19B-5AAA76BEFB18> /System/Library/PrivateFrameworks/DifferentialPrivacy.framework/Versions/A/DifferentialPrivacy
dyld[11615]: <CEF65473-6BC8-364D-B2A4-41C1D7A0646C> /System/Library/PrivateFrameworks/VDAF.framework/Versions/A/VDAF
dyld[11615]: <9EB8FE95-7E26-39FD-A9FA-ACB9EC1B6052> /System/Library/PrivateFrameworks/GRDBInternal.framework/Versions/A/GRDBInternal
dyld[11615]: <D8658CED-1DC7-3AA8-9AA6-54641851764C> /System/Library/PrivateFrameworks/AutoLoop.framework/Versions/A/AutoLoop
dyld[11615]: <247EAF46-FC92-38AF-BDC3-D0264F54DA4E> /System/Library/PrivateFrameworks/Portrait.framework/Versions/A/Portrait
dyld[11615]: <BC483EE5-DF5D-3407-B29E-D012E96E4DC4> /System/Library/PrivateFrameworks/VFX.framework/Versions/A/VFX
dyld[11615]: <47C92BD7-7B16-3997-8729-3BA2BDEA3BA2> /System/Library/PrivateFrameworks/AppleDepth.framework/Versions/A/AppleDepth
dyld[11615]: <71098074-30C7-3C45-8F08-3E3036A6158C> /System/Library/PrivateFrameworks/FusionTracker.framework/Versions/A/FusionTracker
dyld[11615]: <2B833F70-9F61-3811-8991-91E9DD486579> /System/Library/Frameworks/ModelIO.framework/Versions/A/ModelIO
dyld[11615]: <BF72FDE1-F15E-37D8-BC66-F9774C7921EF> /System/Library/Frameworks/MetalKit.framework/Versions/A/MetalKit
dyld[11615]: <77EEF9FE-EF9F-3BEC-9F2F-E76812B0A8A1> /System/Library/Frameworks/MetalFX.framework/Versions/A/MetalFX
dyld[11615]: <8033E459-21BF-3B27-B56F-C2856ADFE195> /System/Library/PrivateFrameworks/CompositorNonUI.framework/Versions/A/CompositorNonUI
dyld[11615]: <78F80A87-1624-335C-9A8B-3938E6C3444F> /System/Library/Frameworks/ARKit.framework/Versions/A/ARKit
dyld[11615]: <88E2F28E-D20F-329C-B177-E5FBDEE5839D> /System/Library/Frameworks/JavaScriptCore.framework/Versions/A/JavaScriptCore
dyld[11615]: <87E8A500-E395-30C4-A81B-9E8FA480516F> /System/Library/Frameworks/SceneKit.framework/Versions/A/SceneKit
dyld[11615]: <4755D0B2-D658-38E5-8C6D-3E5C3BF1ED16> /System/Library/PrivateFrameworks/ARKitCore.framework/Versions/A/ARKitCore
dyld[11615]: <E2550B90-D9BD-31DD-B1DC-89648B664334> /usr/lib/swift/libswiftGLKit.dylib
dyld[11615]: <B7211CA6-0E8B-3D9E-8227-A548414D6834> /usr/lib/swift/libswiftMetalKit.dylib
dyld[11615]: <6E809A71-7C41-3477-8E4E-841F8C0A1F4D> /usr/lib/swift/libswiftModelIO.dylib
dyld[11615]: <222DC99B-8FB0-3AF1-819B-9414C3E388CA> /usr/lib/swift/libswiftSceneKit.dylib
dyld[11615]: <DFC11B09-A62B-3E98-9331-7312954A5E6A> /usr/lib/usd/libusd_ms.dylib
dyld[11615]: <0C3D9888-5726-30A5-B58B-E884C52F552A> /System/Library/PrivateFrameworks/USDLib_FormatLoaderProxy.framework/Versions/A/USDLib_FormatLoaderProxy
dyld[11615]: <5527F412-D0AB-3DD2-A3CC-F280ED578225> /usr/lib/swift/libswift_errno.dylib
dyld[11615]: <C7EE8998-9CD3-3B9E-909A-CED9EB9838B4> /usr/lib/libDisplayWarpSupport.dylib
dyld[11615]: <61F1CC5B-6F86-3433-A776-170B3049555F> /System/Library/PrivateFrameworks/CoreComposite.framework/Versions/A/CoreComposite
dyld[11615]: <AF29D5F2-255D-34E4-AC3C-A25B77759440> /usr/lib/libchannel.dylib
dyld[11615]: <7B48EF6C-6A9C-3B90-BF41-DEC1FC85A764> /usr/lib/librealtime_safety.dylib
dyld[11615]: <893C37FF-6A82-3F88-AAFB-757DC6B29288> /System/Library/PrivateFrameworks/ARKitFoundation.framework/Versions/A/ARKitFoundation
dyld[11615]: <5DDE4D36-D04C-3CA9-9F9D-4FBB5BD50B03> /System/Library/PrivateFrameworks/AppleCVA.framework/Versions/A/AppleCVA
dyld[11615]: <88D1D2BA-7E76-38B8-8469-D2A86546FCB4> /System/Library/PrivateFrameworks/AppleDepthCore.framework/Versions/A/AppleDepthCore
dyld[11615]: <16BEB0A9-9237-38A8-9AF7-5F0CA63F1E84> /System/Library/PrivateFrameworks/DiagnosticRequest.framework/Versions/A/DiagnosticRequest
dyld[11615]: <556809E3-5041-375B-91B4-313A7D0218A0> /System/Library/PrivateFrameworks/CoreAppleCVA.framework/Versions/A/CoreAppleCVA
dyld[11615]: <C1B83F39-8F21-382D-A705-8609B9E41F7B> /System/Library/Frameworks/BrowserEngineCore.framework/Versions/A/BrowserEngineCore
dyld[11615]: <F3E6B01C-31C3-37D4-8C8B-3BF9BAFB870B> /System/Library/Frameworks/GLKit.framework/Versions/A/GLKit
dyld[11615]: <C2A14E70-7549-3A0D-A83B-21A129F84776> /System/Library/PrivateFrameworks/CPAnalytics.framework/Versions/A/CPAnalytics
dyld[11615]: <25E03224-575B-3EC1-9A13-90A8DC95641B> /System/Library/Frameworks/ImageCaptureCore.framework/Versions/A/ImageCaptureCore
dyld[11615]: <60AA3D31-3C31-3192-B3AD-4342F45D3E2B> /usr/lib/swift/libswiftDemangle.dylib
dyld[11615]: <69785455-D99E-396F-827E-C36431DE5985> /System/Library/PrivateFrameworks/ImageCaptureDevices.framework/Versions/A/ImageCaptureDevices
dyld[11615]: <BC9AD74C-99D4-34F6-9BBD-C69E378BF0DB> /System/Library/Frameworks/AVKit.framework/Versions/A/AVKit
dyld[11615]: <211D97D9-87F8-324C-BB0A-1824EE9B8946> /System/Library/PrivateFrameworks/PhotosMediaFoundation.framework/Versions/A/PhotosMediaFoundation
dyld[11615]: <C4D93017-F34C-33EB-8E11-D7A6B3BCE051> /System/Library/PrivateFrameworks/PrototypeTools.framework/Versions/A/PrototypeTools
dyld[11615]: <721419A3-7998-3AAB-84E4-19C5809B0F93> /System/Library/Frameworks/MediaPlayer.framework/Versions/A/MediaPlayer
dyld[11615]: <8B7F2C77-FF09-3F83-A37C-18BDABFFBB60> /System/Library/PrivateFrameworks/AVKitCore.framework/Versions/A/AVKitCore
dyld[11615]: <17A51DA5-B4CD-3C2F-8E66-11E4402B7BC5> /System/Library/PrivateFrameworks/PIP.framework/Versions/A/PIP
dyld[11615]: <EF8858AC-2759-3EAE-9A71-7976D17D57C7> /System/Library/PrivateFrameworks/VisionKitCore.framework/Versions/A/VisionKitCore
dyld[11615]: <C05D5BDB-5A72-37EC-BFCF-586B86FB1BAE> /System/Library/Frameworks/Translation.framework/Versions/A/Translation
dyld[11615]: <14002C32-C93F-3D4F-98CD-43390D072946> /System/Library/Frameworks/ScreenCaptureKit.framework/Versions/A/ScreenCaptureKit
dyld[11615]: <AA0418DE-949D-3B7C-98D4-FC4D28738595> /System/Library/PrivateFrameworks/DataDetectors.framework/Versions/A/DataDetectors
dyld[11615]: <7CAE43A1-52B3-36F0-BE67-230A7C75406B> /System/Library/PrivateFrameworks/MediaAnalysisServices.framework/Versions/A/MediaAnalysisServices
dyld[11615]: <120D21A6-07CB-3C7E-8BC5-019E0BD78195> /System/Library/PrivateFrameworks/RevealCore.framework/Versions/A/RevealCore
dyld[11615]: <F8F28F44-DC4D-3305-872F-5E86CF996F5C> /System/Library/PrivateFrameworks/Reveal.framework/Versions/A/Reveal
dyld[11615]: <3E93C097-38C7-3C22-B12A-F04DA6425DB6> /System/Library/Frameworks/Speech.framework/Versions/A/Speech
dyld[11615]: <68C8F9FF-3606-3E92-872C-59B4B3639DFA> /System/Library/PrivateFrameworks/ToolKit.framework/Versions/A/ToolKit
dyld[11615]: <52E271D5-23AF-3AD9-9543-D4A1004F43EE> /usr/lib/swift/libswiftIntents.dylib
dyld[11615]: <AE2B7E6C-FA2B-3BA9-842D-0F80C26185FD> /System/Library/PrivateFrameworks/AIMLExperimentationAnalytics.framework/Versions/A/AIMLExperimentationAnalytics
dyld[11615]: <3A29BE1C-BDD6-320D-A002-612651FB47D2> /System/Library/PrivateFrameworks/AlgorithmsInternal.framework/Versions/A/AlgorithmsInternal
dyld[11615]: <5242E36A-1CF8-35C0-A56C-BCDBC9C404F2> /System/Library/PrivateFrameworks/LinkServices.framework/Versions/A/LinkServices
dyld[11615]: <BA3A2F25-4FE4-334F-A86F-D7C32801EB65> /System/Library/PrivateFrameworks/VoiceShortcutClient.framework/Versions/A/VoiceShortcutClient
dyld[11615]: <0DAC711D-EBC6-36AE-B8FC-A05CA64FCB18> /System/Library/PrivateFrameworks/LinkMetadata.framework/Versions/A/LinkMetadata
dyld[11615]: <A4949FFB-1C73-391F-A1C4-A16FC60B85BF> /System/Library/PrivateFrameworks/ChronoServices.framework/Versions/A/ChronoServices
dyld[11615]: <9B1EA073-291F-3A6E-92AD-DC2F6CCCCDE0> /System/Library/Frameworks/RelevanceKit.framework/Versions/A/RelevanceKit
dyld[11615]: <AC51A135-5215-34CF-A149-D132321142AA> /System/Library/PrivateFrameworks/AppIntentsTypeSupport.framework/Versions/A/AppIntentsTypeSupport
dyld[11615]: <6BC12AB5-5267-3C95-BB4C-0EB0024E9354> /System/Library/PrivateFrameworks/AvailabilityKit.framework/Versions/A/AvailabilityKit
dyld[11615]: <D8DACBBA-9BE2-310B-B7F7-408598542957> /System/Library/PrivateFrameworks/AppIntentSchemas.framework/Versions/A/AppIntentSchemas
dyld[11615]: <4CDC5D26-AF09-3487-82EC-C425152E110E> /System/Library/Frameworks/GeoToolbox.framework/Versions/A/GeoToolbox
dyld[11615]: <A765DD00-50DC-3F94-B5F4-1FD6BEEDEC11> /System/Library/PrivateFrameworks/StatusKit.framework/Versions/A/StatusKit
dyld[11615]: <017AE141-7561-3552-A918-FD1B0F34669B> /System/Library/Frameworks/AppIntents.framework/Versions/A/AppIntents
dyld[11615]: <88AFCA34-6854-3CBD-898A-363AB2B45C75> /System/Library/PrivateFrameworks/DoNotDisturb.framework/Versions/A/DoNotDisturb
dyld[11615]: <F08EA79A-45A8-3126-98F3-1DD86C144E30> /System/Library/PrivateFrameworks/ReplicatorEngine.framework/Versions/A/ReplicatorEngine
dyld[11615]: <4D8A492A-C5EB-3053-8C7D-EB13C61427EA> /System/Library/PrivateFrameworks/Categories.framework/Versions/A/Categories
dyld[11615]: <4A6E1A2E-61DB-3657-ABDF-AB6525F3A9EA> /System/Library/PrivateFrameworks/ReplicatorServices.framework/Versions/A/ReplicatorServices
dyld[11615]: <846DDA3B-DF32-3C8F-8C8D-A19AB1B99D89> /System/Library/PrivateFrameworks/LocalStatusKit.framework/Versions/A/LocalStatusKit
dyld[11615]: <97AC6077-A996-3088-9113-EE396B863CC6> /System/Library/PrivateFrameworks/SystemWake.framework/Versions/A/SystemWake
dyld[11615]: <9E1E728C-644B-3663-8AD0-3583C7DAD067> /System/Library/PrivateFrameworks/ContextKit.framework/Versions/A/ContextKit
dyld[11615]: <561BD1F8-F841-3DBB-8914-355735557B83> /System/Library/PrivateFrameworks/ContextKitCore.framework/Versions/A/ContextKitCore
dyld[11615]: <3F65FCB8-B060-3F78-8732-81C76E1FF5BF> /System/Library/Frameworks/ReplayKit.framework/Versions/A/ReplayKit
dyld[11615]: <7462577F-E47B-38D5-8FDD-163AAFAB7D5B> /System/Library/PrivateFrameworks/AppleMediaServices.framework/Versions/A/AppleMediaServices
dyld[11615]: <1B99192D-B1C9-3D85-BCD0-EB3CFC6A99C9> /System/Library/PrivateFrameworks/Symptoms.framework/Versions/A/Frameworks/SymptomPresentationFeed.framework/Versions/A/SymptomPresentationFeed
dyld[11615]: <2E3A1FC1-80A1-3ED3-A157-5626AD72A640> /System/Library/PrivateFrameworks/CoreFollowUp.framework/Versions/A/CoreFollowUp
dyld[11615]: <463CC63E-1205-3FA3-A164-CD71FB0E0141> /System/Library/PrivateFrameworks/SystemAdministration.framework/Versions/A/SystemAdministration
dyld[11615]: <FA622C7B-4A62-368E-B2FD-EA729BF2451A> /System/Library/PrivateFrameworks/AppleMediaServicesKitInternal.framework/Versions/A/AppleMediaServicesKitInternal
dyld[11615]: <C1706F3F-7AF7-3833-8762-75B6F6AC5F8B> /System/Library/PrivateFrameworks/SymptomShared.framework/Versions/A/SymptomShared
dyld[11615]: <5F9A96D7-767C-3FF5-B6C5-7D93FD76B0F0> /System/Library/Frameworks/DirectoryService.framework/Versions/A/DirectoryService
dyld[11615]: <126DE35B-0C23-3D27-992C-C8FB1F712AD4> /System/Library/PrivateFrameworks/LoginUIKit.framework/Versions/A/Frameworks/LoginUICore.framework/Versions/A/LoginUICore
dyld[11615]: <36868773-014E-3EC4-8B61-4B6132D3DCD9> /usr/lib/libodfde.dylib
dyld[11615]: <3D9E646F-E021-3B38-9D2F-9B766D6AB2C1> /System/Library/PrivateFrameworks/Lookup.framework/Versions/A/Lookup
dyld[11615]: <E2695F4E-EFCB-3FB0-9720-C7F9C4B9B712> /System/Library/PrivateFrameworks/RTTUtilities.framework/Versions/A/RTTUtilities
dyld[11615]: <706DE359-04A5-3E90-8095-4D09668BE71B> /System/Library/PrivateFrameworks/TelephonyUtilities.framework/Versions/A/TelephonyUtilities
dyld[11615]: <844AF253-CAF6-3623-9DAD-A055C5274E62> /System/Library/Frameworks/WebKit.framework/Versions/A/WebKit
dyld[11615]: <778E863D-A09A-3E8B-B805-C0DBCBD923A5> /System/Library/Frameworks/QuickLookUI.framework/Versions/A/QuickLookUI
dyld[11615]: <5BF2A22C-35BF-360F-8791-9373A8F784C4> /System/Library/PrivateFrameworks/AddressBookCore.framework/Versions/A/AddressBookCore
dyld[11615]: <0BA2D774-3930-3CC1-8EEB-978659830298> /System/Library/Frameworks/Carbon.framework/Versions/A/Carbon
dyld[11615]: <7E1C5A28-D283-3168-B09C-6A3C54A52102> /System/Library/Frameworks/WebKit.framework/Versions/A/Frameworks/WebKitLegacy.framework/Versions/A/WebKitLegacy
dyld[11615]: <5AF7D218-7032-34DB-B3B0-54C6EAE74087> /System/Library/PrivateFrameworks/CorePrediction.framework/Versions/A/CorePrediction
dyld[11615]: <BCB03518-81D5-3FCF-A2E6-FE6BCE46C6C5> /System/Library/Frameworks/WebKit.framework/Versions/A/Frameworks/WebCore.framework/Versions/A/Frameworks/libwebrtc.dylib
dyld[11615]: <D6FDA45D-779E-3F62-BD90-534353A1359C> /System/Library/Frameworks/SecurityInterface.framework/Versions/A/SecurityInterface
dyld[11615]: <9A5EFDC4-27BD-34F3-BE1A-F23847F786A0> /System/Library/PrivateFrameworks/WebInspectorUI.framework/Versions/A/WebInspectorUI
dyld[11615]: <5FCF5DCC-D9BD-3A7E-9618-DBE0A758D89F> /System/Library/Frameworks/WebKit.framework/Versions/A/Frameworks/WebCore.framework/Versions/A/WebCore
dyld[11615]: <93A48B56-BD06-3B86-97D5-836A13AA4330> /System/Library/Frameworks/Carbon.framework/Versions/A/Frameworks/CommonPanels.framework/Versions/A/CommonPanels
dyld[11615]: <356A9A80-09DB-3A79-B2DF-4E8730D794CF> /System/Library/Frameworks/Carbon.framework/Versions/A/Frameworks/Help.framework/Versions/A/Help
dyld[11615]: <CBE977D9-BB80-3BB9-A523-9B80CA02400B> /System/Library/Frameworks/Carbon.framework/Versions/A/Frameworks/ImageCapture.framework/Versions/A/ImageCapture
dyld[11615]: <4069FDAA-012A-3ECC-A2AB-E6AFC59FA00B> /System/Library/Frameworks/Carbon.framework/Versions/A/Frameworks/OpenScripting.framework/Versions/A/OpenScripting
dyld[11615]: <9091BBA2-500E-3368-9FCF-ABBDDB2B77EA> /System/Library/Frameworks/Carbon.framework/Versions/A/Frameworks/Ink.framework/Versions/A/Ink
dyld[11615]: <928D1996-7CEE-308F-9CFE-6D7124B238DE> /System/Library/Frameworks/Carbon.framework/Versions/A/Frameworks/SecurityHI.framework/Versions/A/SecurityHI
dyld[11615]: <9CC3D917-3D94-3F03-BBC1-EFA332316378> /usr/lib/libInterpreterSecurity.dylib
dyld[11615]: <403E5E4C-EA7C-372C-AA75-81E6172B46B9> /System/Library/PrivateFrameworks/XprotectFramework.framework/Versions/A/XprotectFramework
dyld[11615]: <FE9FB07F-850A-3438-B2F3-BAA2E150C4DE> /System/Library/PrivateFrameworks/yara.framework/Versions/A/yara
dyld[11615]: <99AE877D-D7C7-3A2B-A2CB-B6C5A494CE5F> /usr/lib/libEndpointSecuritySystem.dylib
dyld[11615]: <5727F861-DB93-36D9-8C34-C74D3A71DAC2> /System/Library/Frameworks/WebKit.framework/Versions/A/Frameworks/WebCore.framework/Versions/A/Frameworks/libANGLE-shared.dylib
dyld[11615]: <55539E91-9EA7-3CEB-8D64-4A1BA3D5F91E> /System/Library/PrivateFrameworks/WebGPU.framework/Versions/A/WebGPU
dyld[11615]: <29E08673-E431-3E9A-84F3-8AE7C3A12D94> /System/Library/PrivateFrameworks/CoreOptimization.framework/Versions/A/CoreOptimization
dyld[11615]: <274B53D4-E4AA-3104-A58C-02BC43D1F22A> /System/Library/PrivateFrameworks/CallHistory.framework/Versions/A/CallHistory
dyld[11615]: <7E7C593B-8E6B-3E80-AD5D-CFF353AA1569> /System/Library/PrivateFrameworks/HearingCore.framework/Versions/A/HearingCore
dyld[11615]: <6C2C7117-5DD8-35D1-9A68-B25405748DBB> /System/Library/PrivateFrameworks/AVConference.framework/Versions/A/AVConference
dyld[11615]: <5C406396-BCC8-3A4A-A100-82F5C6B77DC3> /System/Library/Frameworks/CallKit.framework/Versions/A/CallKit
dyld[11615]: <19937DB8-81A3-3313-9269-FB9F38F1B115> /System/Library/PrivateFrameworks/IMTransferServices.framework/Versions/A/IMTransferServices
dyld[11615]: <120AE842-DC77-3DFB-8FB0-C4230667AFD6> /System/Library/PrivateFrameworks/IncomingCallFilter.framework/Versions/A/IncomingCallFilter
dyld[11615]: <8D6A0307-5491-3103-B361-3FEDB564445C> /System/Library/PrivateFrameworks/NeighborhoodActivityConduit.framework/Versions/A/NeighborhoodActivityConduit
dyld[11615]: <1CC8AEF7-F92C-3B70-86D8-C7D6B36871B8> /usr/lib/swift/libswiftCoreMediaIO.dylib
dyld[11615]: <F2CE4FE7-B3FB-386D-9430-EF683B30DC18> /usr/lib/libBASupport.dylib
dyld[11615]: <31403ACE-C96E-32B9-8EB0-0CE924DC5B8B> /System/Library/Frameworks/LiveCommunicationKit.framework/Versions/A/LiveCommunicationKit
dyld[11615]: <BFBADA86-5087-360A-B12F-19C6E598316D> /System/Library/PrivateFrameworks/CallsUtilities.framework/Versions/A/CallsUtilities
dyld[11615]: <16FD5AC2-EE84-3758-8A92-0E14EF5083F5> /System/Library/PrivateFrameworks/CallsXPC.framework/Versions/A/CallsXPC
dyld[11615]: <2EA6C07A-6DE0-3EBA-B487-93B3AC08A3FF> /usr/lib/swift/libswiftCallKit.dylib
dyld[11615]: <A18F5092-B6FA-3337-92D7-FBED7E8A903F> /System/Library/Frameworks/Quartz.framework/Versions/A/Quartz
dyld[11615]: <0C2568D9-1EFC-360F-AE1F-C99B13E91043> /System/Library/PrivateFrameworks/VideoProcessing.framework/Versions/A/VideoProcessing
dyld[11615]: <10BFE805-FE0A-3B36-8759-8D3B58226677> /System/Library/PrivateFrameworks/SignalCompression.framework/Versions/A/SignalCompression
dyld[11615]: <D446840E-E694-3D39-B9DA-A1FE13772F77> /System/Library/PrivateFrameworks/AudioServerDriver.framework/Versions/A/AudioServerDriver
dyld[11615]: <9352E402-2096-31DF-8648-265EC55B0CD2> /System/Library/PrivateFrameworks/AVConference.framework/Frameworks/ICE.framework/Versions/A/ICE
dyld[11615]: <3461F271-D0BA-343E-9013-395427CA94AD> /System/Library/PrivateFrameworks/AVConference.framework/Frameworks/LegacyHandle.framework/Versions/A/LegacyHandle
dyld[11615]: <9241CFE6-5B0B-3506-9B4F-192121952C9C> /System/Library/PrivateFrameworks/AVConference.framework/Frameworks/SimpleKeyExchange.framework/Versions/A/SimpleKeyExchange
dyld[11615]: <6342DF16-01C2-3DED-8926-2CFC6FC2DFD6> /System/Library/PrivateFrameworks/AVConference.framework/Frameworks/snatmap.framework/Versions/A/snatmap
dyld[11615]: <38778836-DDDD-3B59-A48C-18CEBA8974D3> /System/Library/PrivateFrameworks/AVConference.framework/Frameworks/ViceroyTrace.framework/Versions/A/ViceroyTrace
dyld[11615]: <C5394F49-ACFF-3D31-9995-5CC3A94A5425> /System/Library/PrivateFrameworks/MediaAnalysis.framework/Versions/A/MediaAnalysis
dyld[11615]: <3C4FCC73-F576-361E-A488-E25CDDEF881A> /System/Library/Frameworks/Quartz.framework/Versions/A/Frameworks/QuartzComposer.framework/Versions/A/QuartzComposer
dyld[11615]: <E033639D-2114-3B09-9170-4E574FC168F8> /System/Library/Frameworks/PDFKit.framework/Versions/A/PDFKit
dyld[11615]: <B3527256-6287-31C3-BEFD-EB9D1BEEDF8D> /System/Library/Frameworks/Quartz.framework/Versions/A/Frameworks/QuartzFilters.framework/Versions/A/QuartzFilters
dyld[11615]: <3BBE296E-0997-3D3B-B0BB-13B621FDB74C> /System/Library/Frameworks/Quartz.framework/Versions/A/Frameworks/ImageKit.framework/Versions/A/ImageKit
dyld[11615]: <6FC192B3-C9A8-312F-A5F7-8F3535FE45B5> /System/Library/Frameworks/OpenCL.framework/Versions/A/OpenCL
dyld[11615]: <27BB4B14-7431-35F6-B8D0-178DE1F0BE1F> /System/Library/PrivateFrameworks/CorePDF.framework/Versions/A/CorePDF
dyld[11615]: <3C44610F-9A64-3F5A-B66D-7C1BC5D2F020> /System/Library/Frameworks/QuickLook.framework/Versions/A/QuickLook
dyld[11615]: <0AE066F1-6087-3373-9CD4-8AED1AE7ECD4> /System/Library/PrivateFrameworks/DisplayServices.framework/Versions/A/DisplayServices
dyld[11615]: <BAE8B5D6-5413-3DE7-B348-26992ACC141D> /System/Library/PrivateFrameworks/QuickLookSupport.framework/Versions/A/QuickLookSupport
dyld[11615]: <6824F762-EE33-3DF3-9B81-4DA9BD5E9181> /System/Library/PrivateFrameworks/ANSTKit.framework/Versions/A/ANSTKit
dyld[11615]: <4D3650AB-E083-3D65-8E37-2C88EBA2F9BC> /System/Library/PrivateFrameworks/AXMediaUtilities.framework/Versions/A/AXMediaUtilities
dyld[11615]: <6D3C5C00-2398-39B2-9BE8-91F42E7CD6BE> /System/Library/PrivateFrameworks/MediaAnalysisPhotosServices.framework/Versions/A/MediaAnalysisPhotosServices
dyld[11615]: <BEAC3617-4123-3603-B842-07B72523DAFC> /System/Library/PrivateFrameworks/PhotosIntelligence.framework/Versions/A/PhotosIntelligence
dyld[11615]: <4F5AAE27-3FAD-32BE-B25E-045566C1E3D2> /System/Library/Frameworks/SoundAnalysis.framework/Versions/A/SoundAnalysis
dyld[11615]: <7CF46FB6-ABF7-393B-8203-019F1E81BF18> /System/Library/PrivateFrameworks/Stickers.framework/Versions/A/Stickers
dyld[11615]: <FB68DB3F-C847-3896-9C37-A0308154F173> /System/Library/PrivateFrameworks/VisualLookUp.framework/Versions/A/VisualLookUp
dyld[11615]: <A5C21F41-F02B-3E87-AB63-05F99F41D677> /System/Library/PrivateFrameworks/VisualUnderstanding.framework/Versions/A/VisualUnderstanding
dyld[11615]: <3E8AA5BC-0A04-37A8-AD96-04B37D188499> /System/Library/PrivateFrameworks/AXAssetLoader.framework/Versions/A/AXAssetLoader
dyld[11615]: <6A7B0325-698A-3FFD-96AB-4A6564F011BE> /System/Library/PrivateFrameworks/PhotosSpatialMediaCore.framework/Versions/A/PhotosSpatialMediaCore
dyld[11615]: <E000A914-956F-395F-B6CD-506309BFF8D2> /System/Library/Frameworks/MusicKit.framework/Versions/A/MusicKit
dyld[11615]: <796F35EE-0A62-3536-8F0D-11B43B3510B9> /System/Library/PrivateFrameworks/FlexMusicKit.framework/Versions/A/FlexMusicKit
dyld[11615]: <190B8BCB-448A-36B9-A080-952F774046AE> /System/Library/PrivateFrameworks/MusicKitInternal.framework/Versions/A/MusicKitInternal
dyld[11615]: <89332CF1-BD3D-3E38-A507-89815D761D39> /System/Library/PrivateFrameworks/MXI.framework/Versions/A/MXI
dyld[11615]: <91334EB5-5AB2-38E9-AB3D-548985492CCA> /System/Library/PrivateFrameworks/USDKit.framework/Versions/A/USDKit
dyld[11615]: <14A8172A-7F46-31FC-989A-606B31C6979F> /System/Library/PrivateFrameworks/USDObjCKit.framework/Versions/A/USDObjCKit
dyld[11615]: <A53FF70A-EA08-34FE-A5A6-09FFC49B16C2> /System/Library/PrivateFrameworks/iTunesCloud.framework/Versions/A/iTunesCloud
dyld[11615]: <0C05FB05-517C-3848-A803-A0FA6BB223BB> /System/Library/PrivateFrameworks/DAAPKit.framework/Versions/A/DAAPKit
dyld[11615]: <3DCA3D39-C033-3AD5-9B9F-D652FCB7EC0B> /System/Library/PrivateFrameworks/MusicLibrary.framework/Versions/A/MusicLibrary
dyld[11615]: <2820F48C-919A-361E-9F16-3262EA66C59A> /usr/lib/libCTGreenTeaLogger.dylib
dyld[11615]: <283083A1-1B38-35B2-9873-42F5175EFE6C> /System/Library/Frameworks/ShazamKit.framework/Versions/A/ShazamKit
dyld[11615]: <0D668415-5836-3B99-94FF-D27734FD1524> /System/Library/PrivateFrameworks/ShazamCore.framework/Versions/A/ShazamCore
dyld[11615]: <A39B9ABF-1FA7-37C7-B9AC-B46781B07824> /System/Library/PrivateFrameworks/Stickers.framework/Support/RecencyService.framework/Versions/A/RecencyService
dyld[11615]: <58136380-35AE-36D2-8843-A39B84B819A6> /System/Library/PrivateFrameworks/Coherence.framework/Versions/A/Coherence
dyld[11615]: <E9003696-840D-371B-891B-F3DDBCCC695C> /System/Library/PrivateFrameworks/Stickers.framework/Support/ServiceShared.framework/Versions/A/ServiceShared
dyld[11615]: <12C1764B-D0D9-3062-9316-E7B941AB1F03> /System/Library/PrivateFrameworks/CipherML.framework/Versions/A/CipherML
dyld[11615]: <4C76BFD8-9DCE-32E6-9833-BC989659A067> /System/Library/PrivateFrameworks/PegasusAPI.framework/Versions/A/PegasusAPI
dyld[11615]: <DFB9C97D-BD1A-39DD-BD17-07FA59A67DB0> /System/Library/PrivateFrameworks/PegasusKit.framework/Versions/A/PegasusKit
dyld[11615]: <F71B1618-C850-356D-B1C6-DB649A3F2F52> /System/Library/PrivateFrameworks/CoreParsec.framework/Versions/A/CoreParsec
dyld[11615]: <BCEDAA6A-E6EE-3FD9-AD44-39FFB12D23E9> /System/Library/PrivateFrameworks/GRPCCoreInternal.framework/Versions/A/GRPCCoreInternal
dyld[11615]: <2D3BE269-C87A-3593-9B21-4A63670DD161> /System/Library/PrivateFrameworks/GRPCProtobufInternal.framework/Versions/A/GRPCProtobufInternal
dyld[11615]: <8D136319-5C8E-300F-8BBC-E2C56E80A119> /System/Library/PrivateFrameworks/SwiftSQLite.framework/Versions/A/SwiftSQLite
dyld[11615]: <618F8025-DAFD-3DE7-A8D1-AB121D69BC89> /System/Library/PrivateFrameworks/PegasusConfiguration.framework/Versions/A/PegasusConfiguration
dyld[11615]: <3A9F4F7B-DF16-32DF-92AC-8B8AAED2D780> /System/Library/PrivateFrameworks/GRPCURLSessionTransportInternal.framework/Versions/A/GRPCURLSessionTransportInternal
dyld[11615]: <6D6B29AD-2C0B-360E-8404-89EEE7083052> /System/Library/PrivateFrameworks/DeviceManagement.framework/Versions/A/DeviceManagement
dyld[11615]: <51B60AA5-FDF5-3E0C-87A2-0C456B28E3A1> /System/Library/PrivateFrameworks/ScreenTimeUI.framework/Versions/A/ScreenTimeUI
dyld[11615]: <A9BE8DB8-3F96-3D0F-B1B2-E462FEBE135D> /System/Library/PrivateFrameworks/QuickLookNonBaseSystem.framework/Versions/A/QuickLookNonBaseSystem
dyld[11615]: <E4027B2A-537B-33B9-8FF1-3B50BA8DAACC> /System/Library/PrivateFrameworks/Catalyst.framework/Versions/A/Catalyst
dyld[11615]: <2B5B0FCC-B46C-34A7-9FFD-12009FDA64C6> /System/Library/PrivateFrameworks/ManagedSettingsObjC.framework/Versions/A/ManagedSettingsObjC
dyld[11615]: <EFED3BEF-814C-3B73-ACDA-5537B30DFAF2> /System/Library/PrivateFrameworks/FamilyCircle.framework/Versions/A/FamilyCircle
dyld[11615]: <4717EEFF-406D-3FA1-9C76-49DFB48F91AB> /System/Library/PrivateFrameworks/ScreenTimeCore.framework/Versions/A/ScreenTimeCore
dyld[11615]: <986109C8-990D-371C-AD79-8AC27334F6C0> /System/Library/PrivateFrameworks/ScreenTimeServiceUI.framework/Versions/A/ScreenTimeServiceUI
dyld[11615]: <6FDBE419-3EDF-3BE6-9416-723083414B22> /System/Library/PrivateFrameworks/FTClientServices.framework/Versions/A/FTClientServices
dyld[11615]: <FC50C8E4-5071-3792-B263-AF47DAFD8D32> /System/Library/PrivateFrameworks/StorageContainersPrivate.framework/Versions/A/StorageContainersPrivate
dyld[11615]: <AEC4567A-7713-3AF9-A19C-0C6987D9EC75> /System/Library/PrivateFrameworks/FamilyControls.framework/Versions/A/FamilyControls
dyld[11615]: <8658C591-BA4D-3475-A6E2-5C01A0D619FC> /System/Library/PrivateFrameworks/ConfigurationEngineModel.framework/Versions/A/ConfigurationEngineModel
dyld[11615]: <CCF732A5-AAEF-35F8-84A2-4C7974439B60> /System/Library/PrivateFrameworks/UsageTracking.framework/Versions/A/UsageTracking
dyld[11615]: <44527AE9-0A11-314D-8FC1-74D0953D8E69> /System/Library/Frameworks/DeviceActivity.framework/Versions/A/DeviceActivity
dyld[11615]: <46510379-D37A-3ADC-B645-5722269F1E0A> /System/Library/PrivateFrameworks/CommerceKit.framework/Versions/A/Frameworks/CommerceCore.framework/Versions/A/CommerceCore
dyld[11615]: <EB05F313-C1FC-35FF-9D7D-F10BDE327C74> /System/Library/PrivateFrameworks/KnowledgeMonitor.framework/Versions/A/KnowledgeMonitor
dyld[11615]: <52B3A722-F4B2-322E-872F-C3AF7F5B626F> /System/Library/PrivateFrameworks/BluetoothManager.framework/Versions/A/BluetoothManager
dyld[11615]: <F33B79D2-20FE-36CF-83BF-A3138A81A855> /System/Library/Frameworks/ManagedSettings.framework/Versions/A/ManagedSettings
dyld[11615]: <B091438A-38FD-3ADB-9A1F-7689EC9658BC> /System/Library/PrivateFrameworks/ManagedSettingsSupport.framework/Versions/A/ManagedSettingsSupport
dyld[11615]: <0EBA1D75-0C59-3CAE-8D42-3D6573BC3F7C> /System/Library/PrivateFrameworks/MarkupUI.framework/Versions/A/MarkupUI
dyld[11615]: <564D70BF-F605-3B57-8FF3-C8F9AD02B0B4> /System/Library/PrivateFrameworks/SidecarCore.framework/Versions/A/SidecarCore
dyld[11615]: <AFBA7D4B-F057-3C1E-9805-19E2B07D07C8> /System/Library/PrivateFrameworks/AnnotationKit.framework/Versions/A/AnnotationKit
dyld[11615]: <7D57DA6B-1AC6-39F4-B779-03263DACCAC4> /System/Library/Frameworks/PencilKit.framework/Versions/A/PencilKit
dyld[11615]: <EA68B1F5-EBB7-3668-89CC-031BBA5C9479> /System/Library/PrivateFrameworks/SidecarUI.framework/Versions/A/SidecarUI
dyld[11615]: <45B2A604-B7C0-3AEA-A016-F1FFEF75370B> /System/Library/PrivateFrameworks/CoreHandwriting.framework/Versions/A/CoreHandwriting
dyld[11615]: <62AED6E3-43B6-3BE8-A317-489772981700> /usr/lib/libmecabra.dylib
dyld[11615]: <3A9DB139-7495-314D-B6FC-D1EC14E3811B> /System/Library/PrivateFrameworks/Calculate.framework/Versions/A/Calculate
dyld[11615]: <DA303C17-5763-3D5E-9194-454651C4D20A> /usr/lib/libChineseTokenizer.dylib
dyld[11615]: <FA0D45C4-0660-36B2-83FB-3528E20F9452> /System/Library/PrivateFrameworks/ScreenReaderCore.framework/Versions/A/ScreenReaderCore
dyld[11615]: <9DAD333C-35B5-33F0-9BEA-EBE440B2369D> /System/Library/PrivateFrameworks/StocksKit.framework/Versions/A/StocksKit
dyld[11615]: <87039A60-9152-3DDB-9767-58D0B627ECB2> /System/Library/PrivateFrameworks/OAuth.framework/Versions/A/OAuth
dyld[11615]: <BEF22BE7-254A-3FA4-B94B-B3312630B6A4> /System/Library/PrivateFrameworks/StocksCore.framework/Versions/A/StocksCore
dyld[11615]: <074CA6E5-5E73-3092-8C97-708CE0B64609> /System/Library/PrivateFrameworks/TeaFoundation.framework/Versions/A/TeaFoundation
dyld[11615]: <24E8D5F5-1C28-3A05-9F82-CD15CAA0AE45> /System/Library/PrivateFrameworks/TeaSettings.framework/Versions/A/TeaSettings
dyld[11615]: <89D53331-F916-3240-B58B-D44BAFA4743C> /System/Library/PrivateFrameworks/NewsCore.framework/Versions/A/NewsCore
dyld[11615]: <3FB7D2C6-2271-3029-BE29-EE41AA6E95D6> /System/Library/Frameworks/EventKit.framework/Versions/A/EventKit
dyld[11615]: <877F9FC8-C692-368B-A4BF-3C9800FDA9B6> /System/Library/PrivateFrameworks/TeaDB.framework/Versions/A/TeaDB
dyld[11615]: <DF61454E-43B7-371F-B2A0-836452003E55> /System/Library/PrivateFrameworks/RemoteConfiguration.framework/Versions/A/RemoteConfiguration
dyld[11615]: <D55097FC-4BE3-39EF-8036-A3F2E9BB478B> /System/Library/PrivateFrameworks/NewsTransport.framework/Versions/A/NewsTransport
dyld[11615]: <23B7DC95-4C9E-39B6-97B1-320F8F6FD1B3> /System/Library/PrivateFrameworks/CalendarDatabase.framework/Versions/A/CalendarDatabase
dyld[11615]: <A685B10F-E626-366D-8C61-701B40F73B67> /System/Library/PrivateFrameworks/CalendarDaemon.framework/Versions/A/CalendarDaemon
dyld[11615]: <9BC14581-8654-3E5D-BA23-AEFBB4DFDE6F> /System/Library/PrivateFrameworks/CalendarFoundation.framework/Versions/A/CalendarFoundation
dyld[11615]: <23978914-9386-3BBB-8E77-59775D9BD897> /System/Library/PrivateFrameworks/iCalendar.framework/Versions/A/iCalendar
dyld[11615]: <8B386F88-8DA7-3A81-AB54-E9A62B46A1CB> /System/Library/PrivateFrameworks/DataAccessExpress.framework/Versions/A/DataAccessExpress
dyld[11615]: <9672A3E2-D745-3E78-8342-A783A504DA20> /System/Library/PrivateFrameworks/ContactsAutocomplete.framework/Versions/A/ContactsAutocomplete
dyld[11615]: <3493238C-B512-350A-A1B4-269DEB38CA5A> /System/Library/PrivateFrameworks/CoreDAV.framework/Versions/A/CoreDAV
dyld[11615]: <1FD26DE4-ADDD-3C18-86FC-8D331C6C89F4> /System/Library/PrivateFrameworks/CalDAV.framework/Versions/A/CalDAV
dyld[11615]: <34919AAB-936B-3E7E-945A-4E8D0455E06F> /System/Library/PrivateFrameworks/CommunicationTrust.framework/Versions/A/CommunicationTrust
dyld[11615]: <0B1D3C49-424C-33B3-8AF7-AA6C7EAC929F> /System/Library/PrivateFrameworks/CallsPersistence.framework/Versions/A/CallsPersistence
dyld[11615]: <D185A202-2E0C-3C6C-9BDC-DC4D8A6CA3EA> /System/Library/Frameworks/SensitiveContentAnalysis.framework/Versions/A/SensitiveContentAnalysis
dyld[11615]: <8C5D6EEF-C4EF-3F0E-9240-67323CFF1217> /System/Library/PrivateFrameworks/PeopleSuggester.framework/Versions/A/PeopleSuggester
dyld[11615]: <E79B613F-82F8-36DF-8E39-D59D8CD6C96E> /System/Library/PrivateFrameworks/SpotlightReceiver.framework/Versions/A/SpotlightReceiver
dyld[11615]: <ABA40CD7-4978-3252-BB46-4FF0710E1355> /System/Library/PrivateFrameworks/_AppIntentsServices_AppIntents.framework/Versions/A/_AppIntentsServices_AppIntents
dyld[11615]: <07F207FC-F968-33AF-ACA2-5AB5A94B923C> /System/Library/PrivateFrameworks/AppIntentsServices.framework/Versions/A/AppIntentsServices
dyld[11615]: <A8C7306A-13EF-3783-A165-131E958CB599> /System/Library/PrivateFrameworks/CoreRecents.framework/Versions/A/CoreRecents
dyld[11615]: <6A61C664-25B4-32A1-811B-B18AEEDB2DE0> /System/Library/Frameworks/_GeoToolbox_AppIntents.framework/Versions/A/_GeoToolbox_AppIntents
dyld[11615]: <903F8E3F-6DA3-3D60-8DE2-4EEC046D8A73> /System/Library/PrivateFrameworks/NewsFoundation.framework/Versions/A/NewsFoundation
dyld[11615]: <374F88EF-3198-3954-A0EF-929A78DE6B1E> /System/Library/PrivateFrameworks/AppStoreDaemon.framework/Versions/A/AppStoreDaemon
dyld[11615]: <D3409E6C-D3E0-34D3-AD89-A580BEC5A403> /System/Library/PrivateFrameworks/NewsURLBucket.framework/Versions/A/NewsURLBucket
dyld[11615]: <D10ECC6E-E74B-3595-943A-8F0495F7CA4C> /System/Library/PrivateFrameworks/EmailAddressing.framework/Versions/A/EmailAddressing
dyld[11615]: <3E9C730E-B6A8-3FDD-9458-95760E1CB389> /System/Library/PrivateFrameworks/SharedWebCredentials.framework/Versions/A/SharedWebCredentials
dyld[11615]: <7857BDF9-1B1F-315E-9FB7-E15AC3088320> /System/Library/PrivateFrameworks/MobileInstallation.framework/Versions/A/MobileInstallation
dyld[11615]: <D7F83B22-71A9-33CC-A6A8-EBF82854369E> /System/Library/PrivateFrameworks/CoreRoutine.framework/Versions/A/CoreRoutine
dyld[11615]: <C2CAFE0C-6D56-3A42-A845-C1822E8AAF27> /System/Library/PrivateFrameworks/EmailFoundation.framework/Versions/A/EmailFoundation
dyld[11615]: <162073C2-0CCB-3EA6-A5B6-6EF074A39A4C> /System/Library/PrivateFrameworks/ContactsAccounts.framework/Versions/A/ContactsAccounts
dyld[11615]: <626F2403-1633-3B71-92AD-CB27157C1F3E> /System/Library/PrivateFrameworks/TranslationUIServices.framework/Versions/A/TranslationUIServices
dyld[11615]: <A0D9FEF1-DABE-3D9C-A569-71824F61D62B> /System/Library/PrivateFrameworks/_GeoServices_GeoToolbox.framework/Versions/A/_GeoServices_GeoToolbox
dyld[11615]: <5D910208-03F9-3B50-AA06-05CB294C702B> /System/Library/Frameworks/_MapKit_SwiftUI.framework/Versions/A/_MapKit_SwiftUI
dyld[11615]: <4D3BC82D-71FF-36F6-A3E0-EDB3245973C7> /System/Library/Frameworks/_PhotosUI_SwiftUI.framework/Versions/A/_PhotosUI_SwiftUI
dyld[11615]: <EF17FE12-2A60-3C68-B2ED-1FC097244C58> /System/Library/PrivateFrameworks/PhotosSwiftUICore.framework/Versions/A/PhotosSwiftUICore
dyld[11615]: <A7210EB3-1633-34A4-9228-7F561E6D19CE> /System/Library/PrivateFrameworks/PhotosUIFoundation.framework/Versions/A/PhotosUIFoundation
dyld[11615]: <AB0DBF66-C2C8-3150-8A78-ACC9D6D48E70> /System/Library/PrivateFrameworks/SensitiveContentAnalysisUI.framework/Versions/A/SensitiveContentAnalysisUI
dyld[11615]: <AF26FA73-58E2-341D-9232-80152A83BE17> /System/Library/PrivateFrameworks/OnBoardingKit.framework/Versions/A/OnBoardingKit
dyld[11615]: <6F7E7DD5-FBB7-35A1-A114-2325A268B4E8> /System/Library/Frameworks/TipKit.framework/Versions/A/TipKit
dyld[11615]: <EA63096F-BD29-3D43-B4AA-6AFCE9BE0034> /System/Library/Frameworks/_AVKit_SwiftUI.framework/Versions/A/_AVKit_SwiftUI
dyld[11615]: <AD5D76DB-DCD4-3239-AD42-1854120323BD> /System/Library/PrivateFrameworks/TrustKit.framework/Versions/A/TrustKit
dyld[11615]: <19BEF9A1-BCB5-3E13-BC7C-CEB741FDA8A7> /System/Library/PrivateFrameworks/TipKitCore.framework/Versions/A/TipKitCore
dyld[11615]: <946DB6F6-291E-34FA-8BAE-D03EF36BBB87> /System/Library/Frameworks/_SwiftData_SwiftUI.framework/Versions/A/_SwiftData_SwiftUI
dyld[11615]: move loaded to delayed: libcmark-gfm.dylib
dyld[11615]: move loaded to delayed: XPCSupport
dyld[11615]: move loaded to delayed: AOSKit
dyld[11615]: move loaded to delayed: AppSSOCore
dyld[11615]: move loaded to delayed: libMemoryResourceException.dylib
dyld[11615]: move loaded to delayed: NetworkScore
dyld[11615]: move loaded to delayed: NetworkServiceProxy
dyld[11615]: move loaded to delayed: StreamingExtractor
dyld[11615]: move loaded to delayed: SymptomReporter
dyld[11615]: move loaded to delayed: libcupolicy.dylib
dyld[11615]: move loaded to delayed: libnwswifttls.dylib
dyld[11615]: move loaded to delayed: libpcap.A.dylib
dyld[11615]: move loaded to delayed: libCGInterfaces.dylib
dyld[11615]: move loaded to delayed: AccelerateGPU
dyld[11615]: move loaded to delayed: AudioDSPGraph
dyld[11615]: move loaded to delayed: AudioAccessoryServices
dyld[11615]: move loaded to delayed: FindMyDevice
dyld[11615]: move loaded to delayed: FMCoreLite
dyld[11615]: move loaded to delayed: FSKit
dyld[11615]: move loaded to delayed: VFX
dyld[11615]: move loaded to delayed: MetalFX
dyld[11615]: move loaded to delayed: CompositorNonUI
dyld[11615]: move loaded to delayed: ARKit
dyld[11615]: move loaded to delayed: ARKitCore
dyld[11615]: move loaded to delayed: libswiftGLKit.dylib
dyld[11615]: move loaded to delayed: libswiftMetalKit.dylib
dyld[11615]: move loaded to delayed: libswiftModelIO.dylib
dyld[11615]: move loaded to delayed: libswiftSceneKit.dylib
dyld[11615]: move loaded to delayed: libDisplayWarpSupport.dylib
dyld[11615]: move loaded to delayed: CoreComposite
dyld[11615]: move loaded to delayed: libchannel.dylib
dyld[11615]: move loaded to delayed: librealtime_safety.dylib
dyld[11615]: move loaded to delayed: ARKitFoundation
dyld[11615]: move loaded to delayed: AppleCVA
dyld[11615]: move loaded to delayed: CoreAppleCVA
dyld[11615]: move loaded to delayed: RTTUtilities
dyld[11615]: move loaded to delayed: HearingCore
dyld[11615]: move loaded to delayed: AVConference
dyld[11615]: move loaded to delayed: VideoProcessing
dyld[11615]: move loaded to delayed: SignalCompression
dyld[11615]: move loaded to delayed: AudioServerDriver
dyld[11615]: move loaded to delayed: ICE
dyld[11615]: move loaded to delayed: LegacyHandle
dyld[11615]: move loaded to delayed: SimpleKeyExchange
dyld[11615]: move loaded to delayed: snatmap
dyld[11615]: move loaded to delayed: ViceroyTrace
dyld[11615]: move loaded to delayed: MediaAnalysis
dyld[11615]: move loaded to delayed: ANSTKit
dyld[11615]: move loaded to delayed: AXMediaUtilities
dyld[11615]: move loaded to delayed: MediaAnalysisPhotosServices
dyld[11615]: move loaded to delayed: PhotosIntelligence
dyld[11615]: move loaded to delayed: SoundAnalysis
dyld[11615]: move loaded to delayed: Stickers
dyld[11615]: move loaded to delayed: VisualLookUp
dyld[11615]: move loaded to delayed: VisualUnderstanding
dyld[11615]: move loaded to delayed: AXAssetLoader
dyld[11615]: move loaded to delayed: PhotosSpatialMediaCore
dyld[11615]: move loaded to delayed: MusicKit
dyld[11615]: move loaded to delayed: FlexMusicKit
dyld[11615]: move loaded to delayed: MusicKitInternal
dyld[11615]: move loaded to delayed: MXI
dyld[11615]: move loaded to delayed: USDKit
dyld[11615]: move loaded to delayed: USDObjCKit
dyld[11615]: move loaded to delayed: ShazamKit
dyld[11615]: move loaded to delayed: ShazamCore
dyld[11615]: move loaded to delayed: RecencyService
dyld[11615]: move loaded to delayed: Coherence
dyld[11615]: move loaded to delayed: ServiceShared
dyld[11615]: move loaded to delayed: CipherML
dyld[11615]: move loaded to delayed: PegasusKit
dyld[11615]: move loaded to delayed: GRPCCoreInternal
dyld[11615]: move loaded to delayed: GRPCProtobufInternal
dyld[11615]: move loaded to delayed: SwiftSQLite
dyld[11615]: move loaded to delayed: GRPCURLSessionTransportInternal
dyld[11615]: <690EDFF1-56BE-3018-BEC2-9F63287CEB2D> /usr/lib/libobjc-trampolines.dylib
dyld[11615]: <30F3C877-C738-38F0-B10B-6D3BB1237A96> /usr/lib/libAccessibilityBaseImplementations.dylib
dyld[11615]: move delayed to loaded: libcmark-gfm.dylib
dyld[11615]: <BFF43815-B4B3-3EFA-B8CE-701E5C69E3FD> /System/Library/Frameworks/_AppIntents_AppKit.framework/Versions/A/_AppIntents_AppKit
dyld[11615]: <7E9AC1D7-6B0B-3DAD-91A9-83649EE0E5EA> /System/Library/PrivateFrameworks/WritingToolsUI.framework/Versions/A/WritingToolsUI
dyld[11615]: <67C14F55-6178-35D6-80CE-EC92C44C615A> /System/Library/PrivateFrameworks/GenerativeAssistantSettings.framework/Versions/A/GenerativeAssistantSettings
dyld[11615]: <E6CFF190-D342-3C9A-B4BC-4F1117054C8E> /System/Library/PrivateFrameworks/TextComposer.framework/Versions/A/TextComposer
dyld[11615]: <54D2CB8A-0445-3110-98DB-AAA9C82DA513> /System/Library/PrivateFrameworks/GenerativeAssistantCommon.framework/Versions/A/GenerativeAssistantCommon
dyld[11615]: <71F86E8A-44FD-3417-B8E4-D3379A6CF66D> /System/Library/PrivateFrameworks/Anvil.framework/Versions/A/Anvil
dyld[11615]: <F583CFD5-D6B2-34F0-93E3-117ED47D09A9> /System/Library/PrivateFrameworks/GenerativePartnerService.framework/Versions/A/GenerativePartnerService
dyld[11615]: <D1F4C606-0E7F-3D2B-9A19-032BD7178500> /System/Library/PrivateFrameworks/GenerativePartnerServiceUI.framework/Versions/A/GenerativePartnerServiceUI
dyld[11615]: <E7EB8682-FDD6-34D0-A821-024DB637CD68> /System/Library/Frameworks/SafariServices.framework/Versions/A/SafariServices
dyld[11615]: <356CD3EB-1886-3515-9D2D-FC05AEF590DD> /System/Library/Frameworks/_AuthenticationServices_SwiftUI.framework/Versions/A/_AuthenticationServices_SwiftUI
dyld[11615]: <76839F27-69FD-3BFB-ABD8-C295ED476C7D> /System/Library/PrivateFrameworks/AppleMediaServicesUI.framework/Versions/A/AppleMediaServicesUI
dyld[11615]: <F55DAF9D-A41F-3B09-A853-B9DA0E8295C0> /System/Library/PrivateFrameworks/JetEngine.framework/Versions/A/JetEngine
dyld[11615]: <8FE48BAC-7275-31E7-802E-E44DAC8AEB6F> /System/Library/PrivateFrameworks/Settings.framework/Versions/A/Settings
dyld[11615]: <0707477E-CC4C-34A3-8487-2F7332721027> /System/Library/PrivateFrameworks/AuthenticationServicesCore.framework/Versions/A/AuthenticationServicesCore
dyld[11615]: <3EA6D869-973E-39BC-B2DC-327B7C887704> /System/Library/Frameworks/AuthenticationServices.framework/Versions/A/AuthenticationServices
dyld[11615]: <C036D9FE-0DB5-3D68-B36D-85F7F93FF18F> /System/Library/PrivateFrameworks/SafariCore.framework/Versions/A/SafariCore
dyld[11615]: <3AD61681-1888-3C37-88A4-B2106FBFD959> /System/Library/PrivateFrameworks/SafariFoundation.framework/Versions/A/SafariFoundation
dyld[11615]: <D5713F6A-D177-31B7-A33D-F36B31E7E079> /System/Library/PrivateFrameworks/CBORLibrary.framework/Versions/A/CBORLibrary
dyld[11615]: <3448B8A0-0DD6-3921-8A12-E3D27CF360AB> /System/Library/PrivateFrameworks/Chirp.framework/Versions/A/Chirp
dyld[11615]: <5FAA391F-E314-3FBD-BFA5-FCB76CAD1F88> /System/Library/PrivateFrameworks/CloudSubscriptionFeatures.framework/Versions/A/CloudSubscriptionFeatures
dyld[11615]: <40390113-C02A-3D35-82A1-5C79AFD2A4CC> /System/Library/PrivateFrameworks/RemoteManagement.framework/Versions/A/RemoteManagement
dyld[11615]: <07B5F2B2-1A81-3A55-BEB8-8D6D04C2BD0A> /System/Library/PrivateFrameworks/RemoteManagementModel.framework/Versions/A/RemoteManagementModel
dyld[11615]: <C2D44609-7FCB-3FD9-9360-161A8662CD15> /System/Library/PrivateFrameworks/RemoteManagementStore.framework/Versions/A/RemoteManagementStore
dyld[11615]: <E9C2202C-2D65-38A7-B151-704C70A088A1> /usr/lib/libxcselect.dylib
dyld[11615]: <945A43E9-6B7D-30F9-A215-D117F224492F> /System/Library/PrivateFrameworks/ConfigurationProfiles.framework/Versions/A/ConfigurationProfiles
dyld[11615]: <C4B693AB-9D69-31E3-ADA3-CDAB500A6676> /System/Library/PrivateFrameworks/LockdownMode.framework/Versions/A/LockdownMode
dyld[11615]: <77B083EA-7C7F-3A7B-8F92-CF4402B1A5CD> /System/Library/PrivateFrameworks/PowerlogControl.framework/Versions/A/PowerlogControl
dyld[11615]: <8639006D-0C7C-3483-82AA-6FA02BC2742D> /usr/lib/libUniversalAccess.dylib
dyld[11615]: <722D3DF7-1005-3107-AEC8-98F33A33BEA0> /System/Library/PrivateFrameworks/UniversalAccess.framework/Versions/A/Libraries/libUAPreferences.dylib
dyld[11615]: <65D2DF80-C7B7-3EBD-B79F-58EE538FFA1A> /System/Library/PrivateFrameworks/DMCUtilities.framework/Versions/A/DMCUtilities
dyld[11615]: <6124ABA5-1F26-351A-804F-10D64A181B22> /System/Library/PrivateFrameworks/MDMClientLibrary.framework/Versions/A/MDMClientLibrary
dyld[11615]: <EEA63C08-F05B-3A5A-A013-C7EB0E60CAEF> /System/Library/PrivateFrameworks/RemoteManagementProtocol.framework/Versions/A/RemoteManagementProtocol
dyld[11615]: <41FACB19-E885-3607-8395-76BB053024DD> /System/Library/PrivateFrameworks/DEPClientLibrary.framework/Versions/A/DEPClientLibrary
dyld[11615]: <05804007-740F-3E5F-A94F-E46B6916C5D2> /System/Library/PrivateFrameworks/DMCEnrollmentLibrary.framework/Versions/A/DMCEnrollmentLibrary
dyld[11615]: <F85EEBDC-95AE-3390-89D4-143AA5C9CB52> /System/Library/PrivateFrameworks/SetupAssistantFramework.framework/Versions/A/SetupAssistantFramework
dyld[11615]: <87568704-B631-3F6D-99A4-3BF20980C464> /System/Library/PrivateFrameworks/AuthKitUI.framework/Versions/A/AuthKitUI
dyld[11615]: <B34F7E6B-DD1C-3FB5-95CA-D56D48907A5F> /System/Library/PrivateFrameworks/AppSSO.framework/Versions/A/AppSSO
dyld[11615]: <3B78349C-ACFD-3066-9FAC-8909D90DE6D8> /System/Library/PrivateFrameworks/LocalAuthenticationUI.framework/Versions/A/LocalAuthenticationUI
dyld[11615]: <30B8106C-CEB4-3C8C-8A8B-91AC28F9253B> /System/Library/PrivateFrameworks/PlatformSSO.framework/Versions/A/PlatformSSO
dyld[11615]: <FBE9002D-DFA8-3A74-BB91-65A6AC212783> /System/Library/PrivateFrameworks/PlatformSSOCore.framework/Versions/A/PlatformSSOCore
dyld[11615]: <FDACB870-129B-3109-8E2D-25A5C3ACA66C> /System/Library/Frameworks/LocalAuthenticationEmbeddedUI.framework/Versions/A/LocalAuthenticationEmbeddedUI
dyld[11615]: <34F1CFEF-9C6D-3208-AA10-A757C3E208AA> /System/Library/PrivateFrameworks/AOSUI.framework/Versions/A/AOSUI
dyld[11615]: <1C736CFA-B21F-3D3D-821D-58B2CF8B2A75> /System/Library/Frameworks/ContactsUI.framework/Versions/A/ContactsUI
dyld[11615]: <3334BA00-2399-3846-8788-C4D1A6202714> /System/Library/Frameworks/LinkPresentation.framework/Versions/A/LinkPresentation
dyld[11615]: <6FA5FBF3-C6D9-3228-A352-0B5AB00CB987> /System/Library/PrivateFrameworks/IASUtilities.framework/Versions/A/IASUtilities
dyld[11615]: <77E103E7-D90F-3DE4-B1B3-223050582C56> /System/Library/PrivateFrameworks/IASUtilitiesCore.framework/Versions/A/IASUtilitiesCore
dyld[11615]: <C6D5918E-64EA-356C-8B88-AE15AF6F37D7> /System/Library/PrivateFrameworks/RemoteUI.framework/Versions/A/RemoteUI
dyld[11615]: <A8AEFA39-1EFA-3BED-9A28-9EB301F00345> /System/Library/PrivateFrameworks/LiftUI.framework/Versions/A/LiftUI
dyld[11615]: <4E552726-98C4-3516-BDD6-FF430AF4BD7C> /System/Library/PrivateFrameworks/_IconServices_SwiftUI.framework/Versions/A/_IconServices_SwiftUI
dyld[11615]: <098F5968-D235-3499-9EDB-D7A080ADA5B4> /System/Library/PrivateFrameworks/AppPredictionClient.framework/Versions/A/AppPredictionClient
dyld[11615]: <C10D82BE-5111-31DF-88B6-31143114C761> /System/Library/PrivateFrameworks/CloudSettings.framework/Versions/A/CloudSettings
dyld[11615]: <91878684-566F-3293-BD2F-F42BA4491081> /System/Library/PrivateFrameworks/Sleep.framework/Versions/A/Sleep
dyld[11615]: <ACC9E84D-7A50-3D64-8591-F0F8BE2F3E7D> /System/Library/PrivateFrameworks/Email.framework/Versions/A/Email
dyld[11615]: <609C3F70-77DC-341F-849F-18176576B24A> /System/Library/PrivateFrameworks/SpotlightFoundation.framework/Versions/A/SpotlightFoundation
dyld[11615]: <E101AB26-E143-3C0D-8F1C-3055F5118CED> /System/Library/PrivateFrameworks/ProactivePredictionClient.framework/Versions/A/ProactivePredictionClient
dyld[11615]: <93355F0D-477B-3DB9-A065-68BE203AF44E> /System/Library/PrivateFrameworks/ContextualSuggestionClient.framework/Versions/A/ContextualSuggestionClient
dyld[11615]: <C2562718-4F61-3DE0-82BE-8DBF7463A2DB> /System/Library/Frameworks/HealthKit.framework/Versions/A/HealthKit
dyld[11615]: <6415C97A-174A-3273-8E8B-80CF71D6F8E4> /System/Library/PrivateFrameworks/AppPredictionFoundation.framework/Versions/A/AppPredictionFoundation
dyld[11615]: <CD4D5633-AE00-3D21-9C8C-B70E59ABF37F> /System/Library/PrivateFrameworks/HeroDataClient.framework/Versions/A/HeroDataClient
dyld[11615]: <7C34DC26-8C9D-32AC-AAF3-57A871FEAD3E> /System/Library/PrivateFrameworks/ProactiveSuggestionClientModel.framework/Versions/A/ProactiveSuggestionClientModel
dyld[11615]: <80DB1386-8B67-3C28-ADF1-E18F58A3E0E7> /System/Library/PrivateFrameworks/UserNotificationsSettings.framework/Versions/A/UserNotificationsSettings
dyld[11615]: <0A031E3F-E8A4-35FE-9C3C-BFFB661FEB43> /System/Library/PrivateFrameworks/ProactiveContextClient.framework/Versions/A/ProactiveContextClient
dyld[11615]: <556E8037-0B33-340B-B06F-95C21199E9BE> /System/Library/PrivateFrameworks/NetAppsUtilities.framework/Versions/A/NetAppsUtilities
dyld[11615]: <68F2E4A9-6357-35C8-9940-0B16B183FE74> /System/Library/PrivateFrameworks/SleepHealth.framework/Versions/A/SleepHealth
dyld[11615]: <1859954E-2C9A-306C-B98F-DF555F51337B> /System/Library/PrivateFrameworks/RegulatoryDomain.framework/Versions/A/RegulatoryDomain
dyld[11615]: <6437B88E-9254-31B7-A56B-FDC60C0B8225> /System/Library/PrivateFrameworks/EmailCore.framework/Versions/A/EmailCore
dyld[11615]: <A0C4A93B-81E4-3195-97E7-6C598DC03735> /System/Library/Frameworks/LocalAuthentication.framework/Support/DaemonUtils.framework/Versions/A/DaemonUtils
dyld[11615]: <4964BFE6-073B-36F3-AE71-6918214C4155> /System/Library/PrivateFrameworks/LocalAuthenticationCoreUI.framework/Versions/A/LocalAuthenticationCoreUI
dyld[11615]: <D4DD0F6D-9490-35F3-ABA8-8A519F2FEB8F> /System/Library/PrivateFrameworks/BridgeXPC.framework/Versions/A/BridgeXPC
dyld[11615]: <3284EBCB-D070-39D4-9EB7-7669BF823BA0> /System/Library/PrivateFrameworks/CoreKDL.framework/Versions/A/CoreKDL
dyld[11615]: <C4C50C4C-7870-3F5E-B92A-173555D4404F> /System/Library/PrivateFrameworks/EmbeddedOSSupportHost.framework/Versions/A/EmbeddedOSSupportHost
dyld[11615]: <AB581527-AFBF-3B27-AD92-75913C63D958> /System/Library/PrivateFrameworks/LoginUIKit.framework/Versions/A/LoginUIKit
dyld[11615]: <E69108D5-24F3-3629-AD1E-CF3557D36FC9> /System/Library/PrivateFrameworks/StorageKit.framework/Versions/A/StorageKit
dyld[11615]: <6F319B3D-2420-32BA-BF9E-9F56445060E3> /System/Library/Frameworks/DeviceCheck.framework/Versions/A/DeviceCheck
dyld[11615]: <F4F5986E-41F0-387C-87EB-12D181F2F23A> /System/Library/PrivateFrameworks/DiskImages2.framework/Versions/A/DiskImages2
dyld[11615]: <D1F1EBD2-07D4-3D8C-A049-9A90BDAFF35B> /System/Library/PrivateFrameworks/CoreWLANKit.framework/Versions/A/CoreWLANKit
dyld[11615]: <1820DA03-3BC0-3529-83CE-FA817B111F9E> /System/Library/PrivateFrameworks/Wallpaper.framework/Versions/A/Wallpaper
dyld[11615]: <99F43E14-4756-381B-9CFC-6A909BF7ADFE> /System/Library/PrivateFrameworks/DynamicDesktop.framework/Versions/A/DynamicDesktop
dyld[11615]: <4AB813BB-BD7E-3662-8164-11F9515CCC96> /System/Library/PrivateFrameworks/WallpaperFoundation.framework/Versions/A/WallpaperFoundation
dyld[11615]: <6C6F731C-8BEA-3594-B6AC-29228B08A3A3> /System/Library/PrivateFrameworks/WallpaperTypes.framework/Versions/A/WallpaperTypes
dyld[11615]: <5BD8B0CA-681C-3CE7-8C12-659782435FA3> /System/Library/PrivateFrameworks/SystemDesktopAppearance.framework/Versions/A/SystemDesktopAppearance
dyld[11615]: <2B14F3B1-AB6A-3BBB-A8D8-A0ABB1712780> /System/Library/PrivateFrameworks/icloudMCCKit.framework/Versions/A/icloudMCCKit
dyld[11615]: <2B45FCC7-EED5-3447-A03A-124442624141> /System/Library/PrivateFrameworks/AppleAccountUI.framework/Versions/A/AppleAccountUI
dyld[11615]: <F7699410-AA61-33D2-B6B0-05511F188508> /System/Library/PrivateFrameworks/PreferencePanesSupport.framework/Versions/A/PreferencePanesSupport
dyld[11615]: <204C80BE-7070-3EE5-83F4-BF7E4681CBC4> /System/Library/PrivateFrameworks/FindMyDeviceUI.framework/Versions/A/FindMyDeviceUI
dyld[11615]: <84C87FF6-8CAB-3D1F-B36B-3304EF90C626> /System/Library/PrivateFrameworks/iCloudQuotaUI.framework/Versions/A/iCloudQuotaUI
dyld[11615]: <78EA8F7B-C857-3BCD-822D-26516E548104> /System/Library/PrivateFrameworks/CoreCDPUI.framework/Versions/A/CoreCDPUI
dyld[11615]: <204C234A-2889-3E5A-ACEC-146D1B86904E> /System/Library/PrivateFrameworks/CoreFollowUpUI.framework/Versions/A/CoreFollowUpUI
dyld[11615]: <7AE15235-831D-3DBB-86FD-C2DE0A54CD8F> /System/Library/PrivateFrameworks/IMCore.framework/Versions/A/IMCore
dyld[11615]: <D161872F-0933-35F3-B3BC-3F13E13369E8> /System/Library/PrivateFrameworks/CoreCDP.framework/Versions/A/CoreCDP
dyld[11615]: <4CB2EF58-17AD-362A-A960-597786A1571D> /System/Library/PrivateFrameworks/AskPermission.framework/Versions/A/AskPermission
dyld[11615]: <FC430FEA-4367-3CA9-BF32-EE42724B4D53> /System/Library/PrivateFrameworks/CloudPhotoServicesConfiguration.framework/Versions/A/CloudPhotoServicesConfiguration
dyld[11615]: <02E0A066-F2A8-39E7-967F-734DDF718941> /System/Library/PrivateFrameworks/CommerceKit.framework/Versions/A/CommerceKit
dyld[11615]: <3B0C503A-BF1C-3646-A2C1-7C1F9042ADFA> /System/Library/PrivateFrameworks/FindMyMac.framework/Versions/A/FindMyMac
dyld[11615]: <65D22E75-EA20-3E2A-8FAA-F6C21F3634CD> /System/Library/Frameworks/PreferencePanes.framework/Versions/A/PreferencePanes
dyld[11615]: <EB6F4A91-93CA-3073-94DE-25069879D4B9> /System/Library/Frameworks/AddressBook.framework/Versions/A/AddressBook
dyld[11615]: <6FE61795-B0C5-3981-820B-B66EB16B60D6> /System/Library/PrivateFrameworks/AOSAccounts.framework/Versions/A/AOSAccounts
dyld[11615]: <60686D37-FC2A-3BF6-AF93-F74337D265C1> /System/Library/PrivateFrameworks/AppleSRP.framework/Versions/A/AppleSRP
dyld[11615]: <7A2A0296-0EA2-33B1-82BF-02B451DA29FF> /System/Library/PrivateFrameworks/NetFSServer.framework/Versions/A/NetFSServer
dyld[11615]: <C2556A71-91FC-3562-A175-9EA41DE6023A> /usr/lib/swift/libswiftPassKit.dylib
dyld[11615]: <94414947-F03E-3F6F-8CA4-FC673AEF58FF> /System/Library/Frameworks/PassKit.framework/Versions/A/PassKit
dyld[11615]: <9274CB4D-56C8-3B7F-923E-D88A932AE447> /System/Library/PrivateFrameworks/PassKitCore.framework/Versions/A/PassKitCore
dyld[11615]: <B6E0923A-1228-37F1-99A4-835F5C1452A6> /System/Library/PrivateFrameworks/PassKitMacHelperTemp.framework/Versions/A/PassKitMacHelperTemp
dyld[11615]: <86A18D93-D443-3D0B-AB1D-8131E15E56FD> /usr/lib/libAppleSSE.dylib
dyld[11615]: <6F344FB8-438F-3C17-9FAB-F1CE425B3F9B> /System/Library/PrivateFrameworks/BiometricKit.framework/Versions/A/BiometricKit
dyld[11615]: <C748736F-4139-3616-B1FC-B9B95774337A> /System/Library/PrivateFrameworks/SEService.framework/Versions/A/SEService
dyld[11615]: <F2A25154-24E6-30CF-8B6A-B246543D0D37> /System/Library/Frameworks/FinanceKit.framework/Versions/A/FinanceKit
dyld[11615]: <DE84FDB5-F9B4-32E9-99EF-7BF95BF028D8> /System/Library/PrivateFrameworks/NearField.framework/Versions/A/NearField
dyld[11615]: <D0D20EE9-45F8-37F2-BAD7-E76B1260DA24> /System/Library/PrivateFrameworks/SESShared.framework/Versions/A/SESShared
dyld[11615]: <F2A6328A-AEBF-363C-AB76-41A1B7C5ECD2> /System/Library/PrivateFrameworks/STSXPCHelperClient.framework/Versions/A/STSXPCHelperClient
dyld[11615]: <2E4A5573-E542-3819-A0E8-10B1AF4A603C> /usr/lib/libnfshared.dylib
dyld[11615]: <0493F8C5-F69B-31E8-9688-C79159E5DC47> /System/Library/PrivateFrameworks/PassKitUIFoundation.framework/Versions/A/PassKitUIFoundation
dyld[11615]: <5A0C76EA-0894-3A52-AA2F-4987194C2844> /System/Library/PrivateFrameworks/AvatarKit.framework/Versions/A/AvatarKit
dyld[11615]: <918CB20A-A6D5-30BF-9818-86E8E06FEB1C> /System/Library/PrivateFrameworks/AvatarPersistence.framework/Versions/A/AvatarPersistence
dyld[11615]: <78BC8379-BDA8-349D-8050-386C44EBC955> /System/Library/PrivateFrameworks/IMSharedUtilities.framework/Versions/A/IMSharedUtilities
dyld[11615]: <4F93B2BF-0022-39A6-8540-D6C2B8CD6D94> /usr/lib/swift/libswiftAppleArchive.dylib
dyld[11615]: <F49C002A-0BCA-3050-BA9B-219015EC7040> /System/Library/PrivateFrameworks/AvatarKitContent.framework/Versions/A/AvatarKitContent
dyld[11615]: <5CFC3725-3A8D-3136-8B2B-D79312F86C05> /System/Library/PrivateFrameworks/ContactsUICore.framework/Versions/A/ContactsUICore
dyld[11615]: <C8B69116-D74B-3802-8C21-940E640C3118> /System/Library/PrivateFrameworks/ContactsDonation.framework/Versions/A/ContactsDonation
dyld[11615]: <2A18627A-1039-35B6-B1B7-E229361B5A2D> /System/Library/Frameworks/MediaLibrary.framework/Versions/A/MediaLibrary
dyld[11615]: <CB360694-27FF-3B96-9D55-CCC141BE781D> /System/Library/PrivateFrameworks/PersonaKit.framework/Versions/A/PersonaKit
dyld[11615]: <B1190AE8-6A1F-38F0-BF8B-4D237385EB7C> /System/Library/PrivateFrameworks/PersonaUI.framework/Versions/A/PersonaUI
dyld[11615]: <907E5D64-C64D-3CAE-A2A6-3425B1CC9942> /System/Library/PrivateFrameworks/Transparency.framework/Versions/A/Transparency
dyld[11615]: <99C69FD8-1533-302F-A3C7-063AABB56C22> /System/Library/PrivateFrameworks/FindMyLocate.framework/Versions/A/FindMyLocate
dyld[11615]: <55047D18-C5A0-36E5-B448-FDD64F33D9F9> /System/Library/PrivateFrameworks/IntlPreferences.framework/Versions/A/IntlPreferences
dyld[11615]: <E4F3D821-1834-3768-AB7F-39FC9EE103B6> /System/Library/PrivateFrameworks/CoreTransparency.framework/Versions/A/CoreTransparency
dyld[11615]: <2279C7A8-D4AD-35D3-BC92-0D9B7BEF975D> /System/Library/PrivateFrameworks/FindMyCommon.framework/Versions/A/FindMyCommon
dyld[11615]: <6BFEFDE7-0409-34B1-9353-2194F8DDFF2F> /System/Library/PrivateFrameworks/FindMyBase.framework/Versions/A/FindMyBase
dyld[11615]: <09FB0BAF-DE74-3490-B80A-A46091FEE312> /System/Library/Frameworks/NearbyInteraction.framework/Versions/A/NearbyInteraction
dyld[11615]: <E41CD591-8E57-3123-A80E-A62954B14063> /System/Library/PrivateFrameworks/ToneKit.framework/Versions/A/ToneKit
dyld[11615]: <3E4B5FD9-D71B-3388-96D7-145F32582190> /System/Library/PrivateFrameworks/CoreCDPInternal.framework/Versions/A/CoreCDPInternal
dyld[11615]: <4495A900-9BB3-38D8-83D6-E3642CF1BDB9> /System/Library/PrivateFrameworks/InputAnalytics.framework/Versions/A/InputAnalytics
dyld[11615]: <680AF0AD-4FC8-37C1-A9F3-637A919089E2> /System/Library/Frameworks/InstantMessage.framework/Versions/A/InstantMessage
dyld[11615]: <06AC8371-3314-3CEA-A2B8-21D5FA79C42F> /System/Library/PrivateFrameworks/IDSKVStore.framework/Versions/A/IDSKVStore
dyld[11615]: <CE8B89D9-9557-3E6A-BA24-A2AB5A3AB51B> /System/Library/PrivateFrameworks/IMDPersistence.framework/Versions/A/IMDPersistence
dyld[11615]: <A128411C-776B-310D-AE62-F06B799A8999> /System/Library/PrivateFrameworks/UserSafety.framework/Versions/A/UserSafety
dyld[11615]: <9CB157B8-2EE1-32EC-B97B-6B8F75D7AD95> /System/Library/PrivateFrameworks/BlastDoor.framework/Versions/A/BlastDoor
dyld[11615]: <B8CA6886-8535-3D19-8508-DBC5A48FAF1A> /System/Library/PrivateFrameworks/LinkPresentationStyleSheetParsing.framework/Versions/A/LinkPresentationStyleSheetParsing
dyld[11615]: <6F5A7AD7-80A3-3AC1-85CC-ECF5FED85ABB> /System/Library/PrivateFrameworks/PosterFoundation.framework/Versions/A/PosterFoundation
dyld[11615]: <0D20A94C-AB6A-3999-BE5D-D0C10CEB83C1> /System/Library/PrivateFrameworks/PosterModel.framework/Versions/A/PosterModel
dyld[11615]: <4630911B-43EB-36D3-8B38-C27E3A9D6E97> /System/Library/PrivateFrameworks/PosterFuturesKit.framework/Versions/A/PosterFuturesKit
dyld[11615]: <576CE5FD-93F3-3C4C-A290-4EAFE522FCF7> /System/Library/PrivateFrameworks/FeedbackService.framework/Versions/A/FeedbackService
dyld[11615]: <5B8C8B3E-BCAB-3D44-9925-BA316EAFD3D7> /System/Library/PrivateFrameworks/CoreSDB.framework/Versions/A/CoreSDB
dyld[11615]: <104F9594-EFD3-333D-8518-129326AA6AF3> /System/Library/PrivateFrameworks/AskToCore.framework/Versions/A/AskToCore
dyld[11615]: <CBEBD4E9-C289-30D8-A5A1-E2E8BDA0F8CB> /System/Library/PrivateFrameworks/MachineSettings.framework/Versions/A/MachineSettings
dyld[11615]: <73CE9B34-0BA2-3E27-9EE5-D5C19C724A60> /System/Library/PrivateFrameworks/BezelServices.framework/Versions/A/BezelServices
dyld[11615]: <025FD94D-4DD5-3C03-983B-F67144ECB5D3> /System/Library/PrivateFrameworks/SPOwner.framework/Versions/A/SPOwner
dyld[11615]: <8C18B1AE-91F4-3BBA-81CA-22A2CB8A6B22> /System/Library/PrivateFrameworks/FMCore.framework/Versions/A/FMCore
dyld[11615]: <B22181C2-C259-390B-94BA-A85690177D90> /System/Library/PrivateFrameworks/iCloudQuota.framework/Versions/A/iCloudQuota
dyld[11615]: <3C1F6C88-498B-3ABE-8C9D-7DA88959AD36> /System/Library/PrivateFrameworks/CoreRecognition.framework/Versions/A/CoreRecognition
dyld[11615]: <35B9EE0B-959B-3D86-9D49-09E37EA8977B> /System/Library/PrivateFrameworks/InAppMessages.framework/Versions/A/InAppMessages
dyld[11615]: <E6252A0A-ACAF-3802-8CB3-31B279F38A44> /System/Library/PrivateFrameworks/JetUI.framework/Versions/A/JetUI
dyld[11615]: <E89E2839-F4DB-3EB8-B187-34084E1D2FCE> /System/Library/PrivateFrameworks/JetPack.framework/Versions/A/JetPack
dyld[11615]: <F71508C4-8A64-3165-A092-B245CB586DCA> /System/Library/PrivateFrameworks/InAppMessagesCore.framework/Versions/A/InAppMessagesCore
dyld[11615]: <14F0DF69-E940-3392-B47F-93F6C8B084E1> /System/Library/PrivateFrameworks/_JetEngine_SwiftUI.framework/Versions/A/_JetEngine_SwiftUI
dyld[11615]: <38BD8D2F-900A-3D8A-AF1A-8502ACFBAD4F> /System/Library/PrivateFrameworks/Synapse.framework/Versions/A/Synapse
dyld[11615]: <F85877CC-C21A-3298-A9C7-0041E757B522> /System/Library/PrivateFrameworks/CSExattrCrypto.framework/Versions/A/CSExattrCrypto
dyld[11615]: <5A4CAF47-0E45-30D8-AA99-839ECE19180C> /System/Library/PrivateFrameworks/StoreFoundation.framework/Versions/A/StoreFoundation
dyld[11615]: <5C3E2114-009C-3386-808E-E9D289200FD5> /System/Library/PrivateFrameworks/ServerInformation.framework/Versions/A/ServerInformation
dyld[11615]: <5B7E4258-2BC1-32C9-BE02-FA31AA8AD68F> /System/Library/PrivateFrameworks/Install.framework/Frameworks/DistributionKit.framework/Versions/A/DistributionKit
dyld[11615]: <C2CCDEC6-E704-3E8F-B769-8B56D91E5C99> /System/Library/PrivateFrameworks/PackageKit.framework/Versions/A/PackageKit
dyld[11615]: <E9F4EE9E-FBD7-34C3-85CA-0FB8FD710998> /System/Library/PrivateFrameworks/OSPersonalization.framework/Versions/A/OSPersonalization
dyld[11615]: <9D2C256C-11F0-38F0-9AD3-5A40552A898B> /System/Library/PrivateFrameworks/BridgeOSSoftwareUpdate.framework/Versions/A/BridgeOSSoftwareUpdate
dyld[11615]: <F782028C-52B1-3633-92CA-8FB4E093C403> /System/Library/PrivateFrameworks/StorageManagement.framework/Versions/A/StorageManagement
dyld[11615]: <1FE27D78-2D1B-3EC7-B43F-86B8A675537A> /usr/lib/libauthinstall.dylib
dyld[11615]: <2298BADF-CB2D-37F2-B68C-69534B4DE558> /System/Library/PrivateFrameworks/InstallerDiagnostics.framework/Versions/A/InstallerDiagnostics
dyld[11615]: <14EB2375-9E03-3A62-8B3A-D199B7AD27D4> /usr/lib/libcrypto.42.dylib
dyld[11615]: <5FFA6778-0A2F-3AC7-8AFB-81C0E748BA9F> /usr/lib/updaters/libAppleTconUARPUpdater.dylib
dyld[11615]: <1F0C0C4C-EC16-302D-93B5-F45249FCE76B> /usr/lib/updaters/libT200Updater.dylib
dyld[11615]: <3C2C7308-9405-3B42-895E-0616BAAF6E17> /System/Library/PrivateFrameworks/GPUInfo.framework/Versions/A/GPUInfo
dyld[11615]: <090A5DA0-B676-35E9-9537-61DFA8DAAB68> /System/Library/PrivateFrameworks/MobileActivationMacOS.framework/Versions/A/MobileActivationMacOS
dyld[11615]: <EEF98E7B-9F3A-3B4B-92C5-48248F278835> /System/Library/PrivateFrameworks/AccountsDaemon.framework/Versions/A/AccountsDaemon
dyld[11615]: move delayed to loaded: AOSKit
dyld[11615]: move delayed to loaded: AppSSOCore
dyld[11615]: move delayed to loaded: NetworkServiceProxy
dyld[11615]: move delayed to loaded: FindMyDevice
dyld[11615]: move delayed to loaded: FMCoreLite
dyld[11615]: move delayed to loaded: FSKit
dyld[11615]: move delayed to loaded: VFX
dyld[11615]: move delayed to loaded: MetalFX
dyld[11615]: move delayed to loaded: CompositorNonUI
dyld[11615]: move delayed to loaded: ARKit
dyld[11615]: move delayed to loaded: ARKitCore
dyld[11615]: move delayed to loaded: libswiftGLKit.dylib
dyld[11615]: move delayed to loaded: libswiftMetalKit.dylib
dyld[11615]: move delayed to loaded: libswiftModelIO.dylib
dyld[11615]: move delayed to loaded: libswiftSceneKit.dylib
dyld[11615]: move delayed to loaded: libDisplayWarpSupport.dylib
dyld[11615]: move delayed to loaded: CoreComposite
dyld[11615]: move delayed to loaded: libchannel.dylib
dyld[11615]: move delayed to loaded: librealtime_safety.dylib
dyld[11615]: move delayed to loaded: ARKitFoundation
dyld[11615]: move delayed to loaded: AppleCVA
dyld[11615]: move delayed to loaded: CoreAppleCVA
dyld[11615]: move loaded to delayed: AppPredictionClient
dyld[11615]: move loaded to delayed: Sleep
dyld[11615]: move loaded to delayed: SpotlightFoundation
dyld[11615]: move loaded to delayed: ProactivePredictionClient
dyld[11615]: move loaded to delayed: ContextualSuggestionClient
dyld[11615]: move loaded to delayed: HealthKit
dyld[11615]: move loaded to delayed: AppPredictionFoundation
dyld[11615]: move loaded to delayed: HeroDataClient
dyld[11615]: move loaded to delayed: ProactiveSuggestionClientModel
dyld[11615]: move loaded to delayed: UserNotificationsSettings
dyld[11615]: move loaded to delayed: ProactiveContextClient
dyld[11615]: move loaded to delayed: NetAppsUtilities
dyld[11615]: move loaded to delayed: SleepHealth
dyld[11615]: move delayed to loaded: libCGInterfaces.dylib
dyld[11615]: <565243DE-87F2-3804-9F50-93A100C58E6F> /System/Library/CoreServices/RawCamera.bundle/Contents/MacOS/RawCamera
dyld[11615]: <19FE2421-8ED8-3C18-8F6A-50D862113D95> /System/Library/Extensions/AGXMetalG14X.bundle/Contents/MacOS/AGXMetalG14X
dyld[11615]: <9235E8EC-599D-386F-8A8A-6B6A92D33369> /System/Library/PrivateFrameworks/IOGPU.framework/Versions/A/IOGPU
dyld[11615]: <E1E900A6-BD0A-31A8-A5C3-71ADF20FE39A> /System/Library/PrivateFrameworks/AccessibilityBundles.framework/Versions/A/AccessibilityBundles
